state,date,value
Alabama,2020-01-01,0.44
Alabama,2020-02-01,0.07
Alabama,2020-03-01,0.12
Alabama,2020-04-01,0.13
Alabama,2020-05-01,0.31
Alabama,2020-06-01,0.85
Alabama,2020-07-01,0.16
Alabama,2020-08-01,0.38
Alabama,2020-09-01,0.76
Alabama,2020-10-01,0.19
Alabama,2020-11-01,0.39
Alabama,2020-12-01,0.85
Alabama,2021-01-01,0.64
Alabama,2021-02-01,0.22
Alabama,2021-03-01,0.19
Alabama,2021-04-01,0.51
Alabama,2021-05-01,0.44
Alabama,2021-06-01,0.06
Alabama,2021-07-01,0.94
Alabama,2021-08-01,0.16
Alabama,2021-09-01,0.32
Alabama,2021-10-01,0.86
Alabama,2021-11-01,0.83
Alabama,2021-12-01,0.33
Alabama,2022-01-01,0.54
Alabama,2022-02-01,0.97
Alabama,2022-03-01,0.29
Alabama,2022-04-01,0.44
Alabama,2022-05-01,0.62
Alabama,2022-06-01,0.46
Alabama,2022-07-01,0.79
Alabama,2022-08-01,0.26
Alabama,2022-09-01,0.12
Alabama,2022-10-01,0.17
Alabama,2022-11-01,0.67
Alabama,2022-12-01,0.64
Alabama,2023-01-01,0.17
Alabama,2023-02-01,0.37
Alabama,2023-03-01,0.04
Alabama,2023-04-01,0.37
Alabama,2023-05-01,0.35
Alabama,2023-06-01,0.53
Alabama,2023-07-01,0.21
Alabama,2023-08-01,0.41
Alabama,2023-09-01,0.24
Alabama,2023-10-01,0.93
Alabama,2023-11-01,0.82
Alabama,2023-12-01,0.36
Alabama,2024-01-01,0.51
Alabama,2024-02-01,0.85
Alabama,2024-03-01,0.39
Alabama,2024-04-01,0.37
Alabama,2024-05-01,0.61
Alabama,2024-06-01,0.26
Alabama,2024-07-01,0.48
Alabama,2024-08-01,0.71
Alabama,2024-09-01,0.6
Alabama,2024-10-01,0.43
Alabama,2024-11-01,0.82
Alabama,2024-12-01,0.04
Alaska,2020-01-01,0.93
Alaska,2020-02-01,0.49
Alaska,2020-03-01,0.42
Alaska,2020-04-01,0.55
Alaska,2020-05-01,0.6
Alaska,2020-06-01,0.15
Alaska,2020-07-01,0.32
Alaska,2020-08-01,0.09
Alaska,2020-09-01,0.91
Alaska,2020-10-01,0.52
Alaska,2020-11-01,0.24
Alaska,2020-12-01,0.18
Alaska,2021-01-01,0.27
Alaska,2021-02-01,0.33
Alaska,2021-03-01,0.74
Alaska,2021-04-01,0.48
Alaska,2021-05-01,0.91
Alaska,2021-06-01,0.37
Alaska,2021-07-01,0.02
Alaska,2021-08-01,0.87
Alaska,2021-09-01,0.66
Alaska,2021-10-01,0.03
Alaska,2021-11-01,0.68
Alaska,2021-12-01,0.32
Alaska,2022-01-01,0.52
Alaska,2022-02-01,0.12
Alaska,2022-03-01,0.64
Alaska,2022-04-01,0.92
Alaska,2022-05-01,0.31
Alaska,2022-06-01,0.46
Alaska,2022-07-01,0.24
Alaska,2022-08-01,0.77
Alaska,2022-09-01,0.75
Alaska,2022-10-01,0.62
Alaska,2022-11-01,0.71
Alaska,2022-12-01,0.81
Alaska,2023-01-01,0.43
Alaska,2023-02-01,0.33
Alaska,2023-03-01,0.49
Alaska,2023-04-01,0.47
Alaska,2023-05-01,0.4
Alaska,2023-06-01,0.05
Alaska,2023-07-01,0.15
Alaska,2023-08-01,0.93
Alaska,2023-09-01,0.66
Alaska,2023-10-01,0.89
Alaska,2023-11-01,0.45
Alaska,2023-12-01,0.84
Alaska,2024-01-01,0.87
Alaska,2024-02-01,0.41
Alaska,2024-03-01,0.74
Alaska,2024-04-01,0.26
Alaska,2024-05-01,0.01
Alaska,2024-06-01,0.28
Alaska,2024-07-01,0.87
Alaska,2024-08-01,0.64
Alaska,2024-09-01,0.55
Alaska,2024-10-01,0.32
Alaska,2024-11-01,0.88
Alaska,2024-12-01,0.07
Arizona,2020-01-01,0.94
Arizona,2020-02-01,0.88
Arizona,2020-03-01,0.07
Arizona,2020-04-01,0.72
Arizona,2020-05-01,0.39
Arizona,2020-06-01,0.47
Arizona,2020-07-01,0.59
Arizona,2020-08-01,0.89
Arizona,2020-09-01,0.84
Arizona,2020-10-01,0.69
Arizona,2020-11-01,0.11
Arizona,2020-12-01,0.72
Arizona,2021-01-01,0.42
Arizona,2021-02-01,0.78
Arizona,2021-03-01,0.35
Arizona,2021-04-01,0.56
Arizona,2021-05-01,0.71
Arizona,2021-06-01,0.39
Arizona,2021-07-01,0.87
Arizona,2021-08-01,0.04
Arizona,2021-09-01,0.66
Arizona,2021-10-01,0.99
Arizona,2021-11-01,0.44
Arizona,2021-12-01,0.8
Arizona,2022-01-01,0.73
Arizona,2022-02-01,0.12
Arizona,2022-03-01,0.39
Arizona,2022-04-01,0.04
Arizona,2022-05-01,0.5
Arizona,2022-06-01,0.96
Arizona,2022-07-01,0.52
Arizona,2022-08-01,0.42
Arizona,2022-09-01,0.49
Arizona,2022-10-01,0.81
Arizona,2022-11-01,0.18
Arizona,2022-12-01,0.25
Arizona,2023-01-01,0.22
Arizona,2023-02-01,0.56
Arizona,2023-03-01,0.98
Arizona,2023-04-01,0.06
Arizona,2023-05-01,0.14
Arizona,2023-06-01,0.82
Arizona,2023-07-01,0.22
Arizona,2023-08-01,0.0
Arizona,2023-09-01,0.15
Arizona,2023-10-01,0.41
Arizona,2023-11-01,0.76
Arizona,2023-12-01,0.12
Arizona,2024-01-01,0.98
Arizona,2024-02-01,0.7
Arizona,2024-03-01,0.81
Arizona,2024-04-01,0.89
Arizona,2024-05-01,0.61
Arizona,2024-06-01,0.51
Arizona,2024-07-01,0.59
Arizona,2024-08-01,0.63
Arizona,2024-09-01,0.38
Arizona,2024-10-01,0.25
Arizona,2024-11-01,0.03
Arizona,2024-12-01,0.68
Arkansas,2020-01-01,0.61
Arkansas,2020-02-01,0.84
Arkansas,2020-03-01,0.42
Arkansas,2020-04-01,0.94
Arkansas,2020-05-01,0.81
Arkansas,2020-06-01,0.55
Arkansas,2020-07-01,0.52
Arkansas,2020-08-01,0.65
Arkansas,2020-09-01,0.67
Arkansas,2020-10-01,0.62
Arkansas,2020-11-01,0.25
Arkansas,2020-12-01,0.32
Arkansas,2021-01-01,0.94
Arkansas,2021-02-01,0.83
Arkansas,2021-03-01,0.6
Arkansas,2021-04-01,0.36
Arkansas,2021-05-01,0.05
Arkansas,2021-06-01,0.97
Arkansas,2021-07-01,0.15
Arkansas,2021-08-01,0.52
Arkansas,2021-09-01,0.02
Arkansas,2021-10-01,0.46
Arkansas,2021-11-01,0.46
Arkansas,2021-12-01,0.16
Arkansas,2022-01-01,0.95
Arkansas,2022-02-01,0.61
Arkansas,2022-03-01,0.89
Arkansas,2022-04-01,0.26
Arkansas,2022-05-01,0.44
Arkansas,2022-06-01,0.64
Arkansas,2022-07-01,0.85
Arkansas,2022-08-01,0.53
Arkansas,2022-09-01,0.09
Arkansas,2022-10-01,0.02
Arkansas,2022-11-01,0.08
Arkansas,2022-12-01,0.84
Arkansas,2023-01-01,0.44
Arkansas,2023-02-01,0.55
Arkansas,2023-03-01,0.23
Arkansas,2023-04-01,0.31
Arkansas,2023-05-01,0.05
Arkansas,2023-06-01,0.15
Arkansas,2023-07-01,0.5
Arkansas,2023-08-01,0.7
Arkansas,2023-09-01,0.74
Arkansas,2023-10-01,0.62
Arkansas,2023-11-01,0.29
Arkansas,2023-12-01,0.73
Arkansas,2024-01-01,0.41
Arkansas,2024-02-01,0.17
Arkansas,2024-03-01,0.54
Arkansas,2024-04-01,0.7
Arkansas,2024-05-01,0.23
Arkansas,2024-06-01,0.78
Arkansas,2024-07-01,0.45
Arkansas,2024-08-01,0.26
Arkansas,2024-09-01,0.28
Arkansas,2024-10-01,0.16
Arkansas,2024-11-01,0.89
Arkansas,2024-12-01,0.96
California,2020-01-01,0.89
California,2020-02-01,0.83
California,2020-03-01,0.39
California,2020-04-01,0.75
California,2020-05-01,0.33
California,2020-06-01,0.76
California,2020-07-01,0.21
California,2020-08-01,0.22
California,2020-09-01,0.15
California,2020-10-01,0.74
California,2020-11-01,0.69
California,2020-12-01,0.18
California,2021-01-01,0.17
California,2021-02-01,0.57
California,2021-03-01,0.69
California,2021-04-01,0.08
California,2021-05-01,0.15
California,2021-06-01,0.86
California,2021-07-01,0.02
California,2021-08-01,0.7
California,2021-09-01,0.31
California,2021-10-01,0.67
California,2021-11-01,0.16
California,2021-12-01,0.53
California,2022-01-01,0.54
California,2022-02-01,0.12
California,2022-03-01,0.29
California,2022-04-01,0.31
California,2022-05-01,0.39
California,2022-06-01,0.66
California,2022-07-01,0.57
California,2022-08-01,0.33
California,2022-09-01,0.57
California,2022-10-01,0.85
California,2022-11-01,0.42
California,2022-12-01,0.47
California,2023-01-01,0.89
California,2023-02-01,0.75
California,2023-03-01,0.76
California,2023-04-01,0.74
California,2023-05-01,0.69
California,2023-06-01,0.2
California,2023-07-01,0.07
California,2023-08-01,0.6
California,2023-09-01,0.77
California,2023-10-01,0.12
California,2023-11-01,0.62
California,2023-12-01,0.32
California,2024-01-01,0.92
California,2024-02-01,0.71
California,2024-03-01,0.65
California,2024-04-01,0.3
California,2024-05-01,0.36
California,2024-06-01,0.67
California,2024-07-01,0.21
California,2024-08-01,0.09
California,2024-09-01,0.97
California,2024-10-01,0.92
California,2024-11-01,0.41
California,2024-12-01,0.53
Colorado,2020-01-01,0.4
Colorado,2020-02-01,0.65
Colorado,2020-03-01,0.49
Colorado,2020-04-01,0.92
Colorado,2020-05-01,0.24
Colorado,2020-06-01,0.04
Colorado,2020-07-01,0.16
Colorado,2020-08-01,0.6
Colorado,2020-09-01,0.53
Colorado,2020-10-01,0.48
Colorado,2020-11-01,0.76
Colorado,2020-12-01,0.66
Colorado,2021-01-01,0.97
Colorado,2021-02-01,0.76
Colorado,2021-03-01,0.79
Colorado,2021-04-01,0.82
Colorado,2021-05-01,0.46
Colorado,2021-06-01,0.23
Colorado,2021-07-01,0.89
Colorado,2021-08-01,0.94
Colorado,2021-09-01,0.87
Colorado,2021-10-01,0.24
Colorado,2021-11-01,0.11
Colorado,2021-12-01,0.13
Colorado,2022-01-01,0.98
Colorado,2022-02-01,0.03
Colorado,2022-03-01,0.56
Colorado,2022-04-01,0.21
Colorado,2022-05-01,0.85
Colorado,2022-06-01,0.19
Colorado,2022-07-01,0.61
Colorado,2022-08-01,0.08
Colorado,2022-09-01,0.76
Colorado,2022-10-01,0.43
Colorado,2022-11-01,0.12
Colorado,2022-12-01,0.22
Colorado,2023-01-01,0.34
Colorado,2023-02-01,0.83
Colorado,2023-03-01,0.95
Colorado,2023-04-01,0.35
Colorado,2023-05-01,0.02
Colorado,2023-06-01,0.7
Colorado,2023-07-01,0.33
Colorado,2023-08-01,0.23
Colorado,2023-09-01,0.4
Colorado,2023-10-01,0.77
Colorado,2023-11-01,0.16
Colorado,2023-12-01,0.03
Colorado,2024-01-01,0.35
Colorado,2024-02-01,0.76
Colorado,2024-03-01,0.54
Colorado,2024-04-01,0.93
Colorado,2024-05-01,0.22
Colorado,2024-06-01,0.76
Colorado,2024-07-01,0.72
Colorado,2024-08-01,0.4
Colorado,2024-09-01,0.37
Colorado,2024-10-01,0.4
Colorado,2024-11-01,0.04
Colorado,2024-12-01,0.23
Connecticut,2020-01-01,0.66
Connecticut,2020-02-01,0.14
Connecticut,2020-03-01,0.72
Connecticut,2020-04-01,0.13
Connecticut,2020-05-01,0.36
Connecticut,2020-06-01,0.38
Connecticut,2020-07-01,0.4
Connecticut,2020-08-01,0.05
Connecticut,2020-09-01,0.78
Connecticut,2020-10-01,0.77
Connecticut,2020-11-01,0.95
Connecticut,2020-12-01,0.11
Connecticut,2021-01-01,0.15
Connecticut,2021-02-01,0.13
Connecticut,2021-03-01,0.45
Connecticut,2021-04-01,0.58
Connecticut,2021-05-01,0.85
Connecticut,2021-06-01,0.74
Connecticut,2021-07-01,0.53
Connecticut,2021-08-01,0.74
Connecticut,2021-09-01,0.53
Connecticut,2021-10-01,0.11
Connecticut,2021-11-01,0.55
Connecticut,2021-12-01,0.73
Connecticut,2022-01-01,0.45
Connecticut,2022-02-01,0.33
Connecticut,2022-03-01,0.73
Connecticut,2022-04-01,0.23
Connecticut,2022-05-01,0.27
Connecticut,2022-06-01,0.62
Connecticut,2022-07-01,0.28
Connecticut,2022-08-01,0.26
Connecticut,2022-09-01,0.66
Connecticut,2022-10-01,0.05
Connecticut,2022-11-01,0.67
Connecticut,2022-12-01,0.68
Connecticut,2023-01-01,0.39
Connecticut,2023-02-01,0.31
Connecticut,2023-03-01,0.1
Connecticut,2023-04-01,0.49
Connecticut,2023-05-01,0.54
Connecticut,2023-06-01,0.36
Connecticut,2023-07-01,0.92
Connecticut,2023-08-01,0.15
Connecticut,2023-09-01,0.04
Connecticut,2023-10-01,0.48
Connecticut,2023-11-01,0.85
Connecticut,2023-12-01,0.6
Connecticut,2024-01-01,0.08
Connecticut,2024-02-01,0.6
Connecticut,2024-03-01,0.33
Connecticut,2024-04-01,0.61
Connecticut,2024-05-01,0.08
Connecticut,2024-06-01,0.58
Connecticut,2024-07-01,0.69
Connecticut,2024-08-01,0.43
Connecticut,2024-09-01,0.96
Connecticut,2024-10-01,0.35
Connecticut,2024-11-01,0.43
Connecticut,2024-12-01,0.64
Delaware,2020-01-01,0.78
Delaware,2020-02-01,0.33
Delaware,2020-03-01,0.38
Delaware,2020-04-01,0.01
Delaware,2020-05-01,0.45
Delaware,2020-06-01,0.69
Delaware,2020-07-01,0.07
Delaware,2020-08-01,0.16
Delaware,2020-09-01,0.8
Delaware,2020-10-01,0.27
Delaware,2020-11-01,0.06
Delaware,2020-12-01,0.12
Delaware,2021-01-01,0.82
Delaware,2021-02-01,0.5
Delaware,2021-03-01,0.66
Delaware,2021-04-01,0.8
Delaware,2021-05-01,0.6
Delaware,2021-06-01,0.72
Delaware,2021-07-01,0.32
Delaware,2021-08-01,0.75
Delaware,2021-09-01,0.35
Delaware,2021-10-01,0.77
Delaware,2021-11-01,0.99
Delaware,2021-12-01,0.67
Delaware,2022-01-01,0.81
Delaware,2022-02-01,0.78
Delaware,2022-03-01,0.87
Delaware,2022-04-01,0.98
Delaware,2022-05-01,0.98
Delaware,2022-06-01,0.19
Delaware,2022-07-01,0.05
Delaware,2022-08-01,0.08
Delaware,2022-09-01,0.76
Delaware,2022-10-01,0.37
Delaware,2022-11-01,0.49
Delaware,2022-12-01,0.25
Delaware,2023-01-01,0.91
Delaware,2023-02-01,0.88
Delaware,2023-03-01,0.56
Delaware,2023-04-01,0.96
Delaware,2023-05-01,0.28
Delaware,2023-06-01,0.32
Delaware,2023-07-01,0.03
Delaware,2023-08-01,0.46
Delaware,2023-09-01,0.97
Delaware,2023-10-01,0.4
Delaware,2023-11-01,0.95
Delaware,2023-12-01,0.84
Delaware,2024-01-01,0.3
Delaware,2024-02-01,0.32
Delaware,2024-03-01,0.85
Delaware,2024-04-01,0.33
Delaware,2024-05-01,0.58
Delaware,2024-06-01,0.11
Delaware,2024-07-01,0.25
Delaware,2024-08-01,0.77
Delaware,2024-09-01,0.02
Delaware,2024-10-01,0.56
Delaware,2024-11-01,0.79
Delaware,2024-12-01,0.73
Florida,2020-01-01,0.31
Florida,2020-02-01,0.57
Florida,2020-03-01,0.77
Florida,2020-04-01,0.75
Florida,2020-05-01,0.1
Florida,2020-06-01,0.4
Florida,2020-07-01,0.47
Florida,2020-08-01,0.67
Florida,2020-09-01,0.37
Florida,2020-10-01,0.75
Florida,2020-11-01,0.74
Florida,2020-12-01,0.17
Florida,2021-01-01,1.0
Florida,2021-02-01,0.68
Florida,2021-03-01,0.08
Florida,2021-04-01,0.29
Florida,2021-05-01,0.77
Florida,2021-06-01,0.16
Florida,2021-07-01,0.21
Florida,2021-08-01,0.53
Florida,2021-09-01,0.18
Florida,2021-10-01,0.58
Florida,2021-11-01,0.29
Florida,2021-12-01,0.36
Florida,2022-01-01,0.98
Florida,2022-02-01,0.84
Florida,2022-03-01,0.38
Florida,2022-04-01,0.63
Florida,2022-05-01,0.69
Florida,2022-06-01,0.48
Florida,2022-07-01,0.38
Florida,2022-08-01,0.29
Florida,2022-09-01,0.6
Florida,2022-10-01,0.58
Florida,2022-11-01,0.19
Florida,2022-12-01,0.18
Florida,2023-01-01,0.63
Florida,2023-02-01,0.14
Florida,2023-03-01,0.83
Florida,2023-04-01,0.08
Florida,2023-05-01,0.82
Florida,2023-06-01,0.61
Florida,2023-07-01,0.73
Florida,2023-08-01,0.28
Florida,2023-09-01,0.32
Florida,2023-10-01,0.32
Florida,2023-11-01,0.88
Florida,2023-12-01,0.92
Florida,2024-01-01,0.1
Florida,2024-02-01,0.9
Florida,2024-03-01,0.4
Florida,2024-04-01,0.52
Florida,2024-05-01,0.97
Florida,2024-06-01,0.67
Florida,2024-07-01,0.69
Florida,2024-08-01,0.46
Florida,2024-09-01,0.51
Florida,2024-10-01,0.13
Florida,2024-11-01,0.82
Florida,2024-12-01,0.01
Georgia,2020-01-01,0.56
Georgia,2020-02-01,0.5
Georgia,2020-03-01,0.02
Georgia,2020-04-01,0.74
Georgia,2020-05-01,0.45
Georgia,2020-06-01,0.04
Georgia,2020-07-01,0.22
Georgia,2020-08-01,0.28
Georgia,2020-09-01,0.71
Georgia,2020-10-01,0.05
Georgia,2020-11-01,0.01
Georgia,2020-12-01,0.89
Georgia,2021-01-01,0.0
Georgia,2021-02-01,0.61
Georgia,2021-03-01,0.18
Georgia,2021-04-01,0.08
Georgia,2021-05-01,0.32
Georgia,2021-06-01,0.73
Georgia,2021-07-01,0.11
Georgia,2021-08-01,0.26
Georgia,2021-09-01,0.65
Georgia,2021-10-01,0.75
Georgia,2021-11-01,0.03
Georgia,2021-12-01,0.38
Georgia,2022-01-01,0.8
Georgia,2022-02-01,0.32
Georgia,2022-03-01,0.66
Georgia,2022-04-01,0.63
Georgia,2022-05-01,0.46
Georgia,2022-06-01,0.56
Georgia,2022-07-01,0.36
Georgia,2022-08-01,0.28
Georgia,2022-09-01,0.33
Georgia,2022-10-01,0.76
Georgia,2022-11-01,0.62
Georgia,2022-12-01,0.29
Georgia,2023-01-01,0.91
Georgia,2023-02-01,0.49
Georgia,2023-03-01,0.91
Georgia,2023-04-01,0.84
Georgia,2023-05-01,0.56
Georgia,2023-06-01,0.79
Georgia,2023-07-01,0.81
Georgia,2023-08-01,0.4
Georgia,2023-09-01,0.3
Georgia,2023-10-01,0.09
Georgia,2023-11-01,0.56
Georgia,2023-12-01,0.33
Georgia,2024-01-01,0.37
Georgia,2024-02-01,0.92
Georgia,2024-03-01,0.3
Georgia,2024-04-01,0.07
Georgia,2024-05-01,0.29
Georgia,2024-06-01,0.03
Georgia,2024-07-01,0.63
Georgia,2024-08-01,0.29
Georgia,2024-09-01,0.66
Georgia,2024-10-01,0.33
Georgia,2024-11-01,0.78
Georgia,2024-12-01,0.47
Hawaii,2020-01-01,0.28
Hawaii,2020-02-01,0.8
Hawaii,2020-03-01,0.57
Hawaii,2020-04-01,0.27
Hawaii,2020-05-01,0.65
Hawaii,2020-06-01,0.48
Hawaii,2020-07-01,0.17
Hawaii,2020-08-01,0.74
Hawaii,2020-09-01,0.57
Hawaii,2020-10-01,0.44
Hawaii,2020-11-01,0.22
Hawaii,2020-12-01,0.52
Hawaii,2021-01-01,0.73
Hawaii,2021-02-01,0.99
Hawaii,2021-03-01,0.51
Hawaii,2021-04-01,0.59
Hawaii,2021-05-01,0.73
Hawaii,2021-06-01,0.34
Hawaii,2021-07-01,0.01
Hawaii,2021-08-01,0.68
Hawaii,2021-09-01,0.97
Hawaii,2021-10-01,0.03
Hawaii,2021-11-01,0.17
Hawaii,2021-12-01,0.33
Hawaii,2022-01-01,0.29
Hawaii,2022-02-01,0.09
Hawaii,2022-03-01,0.15
Hawaii,2022-04-01,0.04
Hawaii,2022-05-01,0.11
Hawaii,2022-06-01,0.81
Hawaii,2022-07-01,0.77
Hawaii,2022-08-01,0.56
Hawaii,2022-09-01,0.48
Hawaii,2022-10-01,0.15
Hawaii,2022-11-01,0.49
Hawaii,2022-12-01,0.64
Hawaii,2023-01-01,0.36
Hawaii,2023-02-01,0.83
Hawaii,2023-03-01,0.18
Hawaii,2023-04-01,0.97
Hawaii,2023-05-01,0.18
Hawaii,2023-06-01,0.79
Hawaii,2023-07-01,0.08
Hawaii,2023-08-01,0.99
Hawaii,2023-09-01,0.71
Hawaii,2023-10-01,0.28
Hawaii,2023-11-01,0.26
Hawaii,2023-12-01,0.11
Hawaii,2024-01-01,0.8
Hawaii,2024-02-01,0.72
Hawaii,2024-03-01,0.07
Hawaii,2024-04-01,0.91
Hawaii,2024-05-01,0.71
Hawaii,2024-06-01,0.44
Hawaii,2024-07-01,0.17
Hawaii,2024-08-01,0.44
Hawaii,2024-09-01,0.02
Hawaii,2024-10-01,0.61
Hawaii,2024-11-01,0.17
Hawaii,2024-12-01,0.95
Idaho,2020-01-01,0.64
Idaho,2020-02-01,0.59
Idaho,2020-03-01,0.29
Idaho,2020-04-01,0.38
Idaho,2020-05-01,0.9
Idaho,2020-06-01,0.81
Idaho,2020-07-01,0.51
Idaho,2020-08-01,0.89
Idaho,2020-09-01,0.42
Idaho,2020-10-01,0.94
Idaho,2020-11-01,0.21
Idaho,2020-12-01,0.48
Idaho,2021-01-01,0.05
Idaho,2021-02-01,0.13
Idaho,2021-03-01,0.1
Idaho,2021-04-01,0.25
Idaho,2021-05-01,0.43
Idaho,2021-06-01,0.64
Idaho,2021-07-01,0.41
Idaho,2021-08-01,0.12
Idaho,2021-09-01,0.4
Idaho,2021-10-01,0.89
Idaho,2021-11-01,0.37
Idaho,2021-12-01,0.36
Idaho,2022-01-01,0.57
Idaho,2022-02-01,0.41
Idaho,2022-03-01,0.86
Idaho,2022-04-01,1.0
Idaho,2022-05-01,0.87
Idaho,2022-06-01,0.55
Idaho,2022-07-01,0.88
Idaho,2022-08-01,0.74
Idaho,2022-09-01,0.97
Idaho,2022-10-01,0.01
Idaho,2022-11-01,0.95
Idaho,2022-12-01,0.99
Idaho,2023-01-01,0.5
Idaho,2023-02-01,0.38
Idaho,2023-03-01,0.79
Idaho,2023-04-01,0.0
Idaho,2023-05-01,0.48
Idaho,2023-06-01,0.2
Idaho,2023-07-01,0.26
Idaho,2023-08-01,0.64
Idaho,2023-09-01,0.17
Idaho,2023-10-01,0.81
Idaho,2023-11-01,0.9
Idaho,2023-12-01,0.73
Idaho,2024-01-01,0.97
Idaho,2024-02-01,0.58
Idaho,2024-03-01,0.35
Idaho,2024-04-01,0.14
Idaho,2024-05-01,0.32
Idaho,2024-06-01,0.16
Idaho,2024-07-01,0.81
Idaho,2024-08-01,0.87
Idaho,2024-09-01,0.24
Idaho,2024-10-01,0.25
Idaho,2024-11-01,0.73
Idaho,2024-12-01,0.3
Illinois,2020-01-01,0.02
Illinois,2020-02-01,0.62
Illinois,2020-03-01,0.94
Illinois,2020-04-01,0.18
Illinois,2020-05-01,0.33
Illinois,2020-06-01,0.57
Illinois,2020-07-01,0.38
Illinois,2020-08-01,0.26
Illinois,2020-09-01,0.02
Illinois,2020-10-01,0.17
Illinois,2020-11-01,0.64
Illinois,2020-12-01,0.16
Illinois,2021-01-01,0.64
Illinois,2021-02-01,0.73
Illinois,2021-03-01,0.04
Illinois,2021-04-01,0.56
Illinois,2021-05-01,0.11
Illinois,2021-06-01,0.9
Illinois,2021-07-01,0.24
Illinois,2021-08-01,0.71
Illinois,2021-09-01,0.25
Illinois,2021-10-01,0.49
Illinois,2021-11-01,0.47
Illinois,2021-12-01,0.79
Illinois,2022-01-01,0.82
Illinois,2022-02-01,0.63
Illinois,2022-03-01,0.67
Illinois,2022-04-01,0.56
Illinois,2022-05-01,0.25
Illinois,2022-06-01,0.96
Illinois,2022-07-01,0.87
Illinois,2022-08-01,0.11
Illinois,2022-09-01,0.75
Illinois,2022-10-01,0.65
Illinois,2022-11-01,1.0
Illinois,2022-12-01,0.4
Illinois,2023-01-01,0.17
Illinois,2023-02-01,0.04
Illinois,2023-03-01,0.02
Illinois,2023-04-01,0.67
Illinois,2023-05-01,0.95
Illinois,2023-06-01,0.8
Illinois,2023-07-01,0.54
Illinois,2023-08-01,0.89
Illinois,2023-09-01,0.36
Illinois,2023-10-01,0.49
Illinois,2023-11-01,0.94
Illinois,2023-12-01,0.44
Illinois,2024-01-01,0.75
Illinois,2024-02-01,0.67
Illinois,2024-03-01,0.08
Illinois,2024-04-01,0.76
Illinois,2024-05-01,0.77
Illinois,2024-06-01,0.25
Illinois,2024-07-01,0.56
Illinois,2024-08-01,0.17
Illinois,2024-09-01,0.5
Illinois,2024-10-01,0.08
Illinois,2024-11-01,0.35
Illinois,2024-12-01,0.34
Indiana,2020-01-01,0.81
Indiana,2020-02-01,0.38
Indiana,2020-03-01,0.78
Indiana,2020-04-01,0.92
Indiana,2020-05-01,0.11
Indiana,2020-06-01,0.72
Indiana,2020-07-01,0.52
Indiana,2020-08-01,0.01
Indiana,2020-09-01,0.59
Indiana,2020-10-01,0.05
Indiana,2020-11-01,0.55
Indiana,2020-12-01,0.56
Indiana,2021-01-01,0.19
Indiana,2021-02-01,0.39
Indiana,2021-03-01,0.65
Indiana,2021-04-01,0.27
Indiana,2021-05-01,0.25
Indiana,2021-06-01,0.43
Indiana,2021-07-01,0.52
Indiana,2021-08-01,0.63
Indiana,2021-09-01,0.43
Indiana,2021-10-01,0.66
Indiana,2021-11-01,0.3
Indiana,2021-12-01,0.45
Indiana,2022-01-01,0.25
Indiana,2022-02-01,0.89
Indiana,2022-03-01,0.89
Indiana,2022-04-01,0.96
Indiana,2022-05-01,0.27
Indiana,2022-06-01,0.62
Indiana,2022-07-01,0.98
Indiana,2022-08-01,0.83
Indiana,2022-09-01,0.31
Indiana,2022-10-01,0.01
Indiana,2022-11-01,0.08
Indiana,2022-12-01,0.21
Indiana,2023-01-01,0.53
Indiana,2023-02-01,0.97
Indiana,2023-03-01,0.77
Indiana,2023-04-01,0.19
Indiana,2023-05-01,0.21
Indiana,2023-06-01,0.15
Indiana,2023-07-01,0.29
Indiana,2023-08-01,0.04
Indiana,2023-09-01,0.35
Indiana,2023-10-01,0.47
Indiana,2023-11-01,0.0
Indiana,2023-12-01,0.71
Indiana,2024-01-01,0.89
Indiana,2024-02-01,0.06
Indiana,2024-03-01,0.77
Indiana,2024-04-01,0.98
Indiana,2024-05-01,0.39
Indiana,2024-06-01,0.82
Indiana,2024-07-01,0.92
Indiana,2024-08-01,0.89
Indiana,2024-09-01,0.03
Indiana,2024-10-01,0.02
Indiana,2024-11-01,0.52
Indiana,2024-12-01,0.86
Iowa,2020-01-01,0.34
Iowa,2020-02-01,0.37
Iowa,2020-03-01,0.62
Iowa,2020-04-01,0.64
Iowa,2020-05-01,0.69
Iowa,2020-06-01,0.58
Iowa,2020-07-01,0.94
Iowa,2020-08-01,0.03
Iowa,2020-09-01,0.51
Iowa,2020-10-01,0.85
Iowa,2020-11-01,0.35
Iowa,2020-12-01,0.55
Iowa,2021-01-01,0.15
Iowa,2021-02-01,0.17
Iowa,2021-03-01,0.94
Iowa,2021-04-01,0.47
Iowa,2021-05-01,0.98
Iowa,2021-06-01,0.23
Iowa,2021-07-01,0.0
Iowa,2021-08-01,0.87
Iowa,2021-09-01,0.98
Iowa,2021-10-01,0.87
Iowa,2021-11-01,0.37
Iowa,2021-12-01,0.72
Iowa,2022-01-01,0.41
Iowa,2022-02-01,0.25
Iowa,2022-03-01,0.03
Iowa,2022-04-01,0.43
Iowa,2022-05-01,0.07
Iowa,2022-06-01,0.95
Iowa,2022-07-01,0.42
Iowa,2022-08-01,0.84
Iowa,2022-09-01,0.99
Iowa,2022-10-01,0.92
Iowa,2022-11-01,0.95
Iowa,2022-12-01,0.44
Iowa,2023-01-01,0.72
Iowa,2023-02-01,0.09
Iowa,2023-03-01,0.3
Iowa,2023-04-01,0.26
Iowa,2023-05-01,0.1
Iowa,2023-06-01,0.01
Iowa,2023-07-01,0.99
Iowa,2023-08-01,0.32
Iowa,2023-09-01,0.43
Iowa,2023-10-01,0.05
Iowa,2023-11-01,0.24
Iowa,2023-12-01,0.97
Iowa,2024-01-01,0.09
Iowa,2024-02-01,0.3
Iowa,2024-03-01,0.79
Iowa,2024-04-01,0.82
Iowa,2024-05-01,0.44
Iowa,2024-06-01,0.67
Iowa,2024-07-01,0.6
Iowa,2024-08-01,0.64
Iowa,2024-09-01,0.14
Iowa,2024-10-01,0.02
Iowa,2024-11-01,0.52
Iowa,2024-12-01,0.79
Kansas,2020-01-01,0.37
Kansas,2020-02-01,0.06
Kansas,2020-03-01,0.3
Kansas,2020-04-01,0.05
Kansas,2020-05-01,0.93
Kansas,2020-06-01,0.85
Kansas,2020-07-01,0.24
Kansas,2020-08-01,0.12
Kansas,2020-09-01,0.46
Kansas,2020-10-01,0.46
Kansas,2020-11-01,0.32
Kansas,2020-12-01,0.43
Kansas,2021-01-01,0.86
Kansas,2021-02-01,0.1
Kansas,2021-03-01,0.82
Kansas,2021-04-01,0.45
Kansas,2021-05-01,0.76
Kansas,2021-06-01,0.04
Kansas,2021-07-01,0.2
Kansas,2021-08-01,0.35
Kansas,2021-09-01,0.14
Kansas,2021-10-01,0.44
Kansas,2021-11-01,0.37
Kansas,2021-12-01,0.48
Kansas,2022-01-01,0.05
Kansas,2022-02-01,0.92
Kansas,2022-03-01,0.54
Kansas,2022-04-01,0.66
Kansas,2022-05-01,0.08
Kansas,2022-06-01,0.27
Kansas,2022-07-01,0.2
Kansas,2022-08-01,0.78
Kansas,2022-09-01,0.44
Kansas,2022-10-01,0.31
Kansas,2022-11-01,0.13
Kansas,2022-12-01,0.1
Kansas,2023-01-01,0.57
Kansas,2023-02-01,0.16
Kansas,2023-03-01,0.32
Kansas,2023-04-01,0.83
Kansas,2023-05-01,0.21
Kansas,2023-06-01,0.66
Kansas,2023-07-01,0.4
Kansas,2023-08-01,0.66
Kansas,2023-09-01,0.62
Kansas,2023-10-01,0.27
Kansas,2023-11-01,0.49
Kansas,2023-12-01,0.32
Kansas,2024-01-01,0.34
Kansas,2024-02-01,0.78
Kansas,2024-03-01,0.4
Kansas,2024-04-01,0.9
Kansas,2024-05-01,0.66
Kansas,2024-06-01,0.72
Kansas,2024-07-01,0.3
Kansas,2024-08-01,0.81
Kansas,2024-09-01,0.03
Kansas,2024-10-01,0.12
Kansas,2024-11-01,0.78
Kansas,2024-12-01,0.6
Kentucky,2020-01-01,0.73
Kentucky,2020-02-01,0.57
Kentucky,2020-03-01,1.0
Kentucky,2020-04-01,0.46
Kentucky,2020-05-01,0.35
Kentucky,2020-06-01,0.78
Kentucky,2020-07-01,0.36
Kentucky,2020-08-01,0.59
Kentucky,2020-09-01,0.45
Kentucky,2020-10-01,0.77
Kentucky,2020-11-01,0.95
Kentucky,2020-12-01,0.47
Kentucky,2021-01-01,0.55
Kentucky,2021-02-01,0.12
Kentucky,2021-03-01,0.91
Kentucky,2021-04-01,0.51
Kentucky,2021-05-01,0.4
Kentucky,2021-06-01,0.95
Kentucky,2021-07-01,0.86
Kentucky,2021-08-01,0.81
Kentucky,2021-09-01,0.54
Kentucky,2021-10-01,0.3
Kentucky,2021-11-01,0.29
Kentucky,2021-12-01,0.33
Kentucky,2022-01-01,0.26
Kentucky,2022-02-01,0.22
Kentucky,2022-03-01,0.45
Kentucky,2022-04-01,0.63
Kentucky,2022-05-01,0.38
Kentucky,2022-06-01,0.47
Kentucky,2022-07-01,0.36
Kentucky,2022-08-01,0.94
Kentucky,2022-09-01,0.36
Kentucky,2022-10-01,0.12
Kentucky,2022-11-01,0.83
Kentucky,2022-12-01,0.74
Kentucky,2023-01-01,0.21
Kentucky,2023-02-01,0.72
Kentucky,2023-03-01,1.0
Kentucky,2023-04-01,0.56
Kentucky,2023-05-01,0.42
Kentucky,2023-06-01,0.82
Kentucky,2023-07-01,0.89
Kentucky,2023-08-01,0.14
Kentucky,2023-09-01,0.3
Kentucky,2023-10-01,0.26
Kentucky,2023-11-01,0.79
Kentucky,2023-12-01,0.16
Kentucky,2024-01-01,0.09
Kentucky,2024-02-01,0.21
Kentucky,2024-03-01,0.08
Kentucky,2024-04-01,0.92
Kentucky,2024-05-01,0.76
Kentucky,2024-06-01,0.91
Kentucky,2024-07-01,0.03
Kentucky,2024-08-01,0.18
Kentucky,2024-09-01,0.94
Kentucky,2024-10-01,0.85
Kentucky,2024-11-01,0.23
Kentucky,2024-12-01,0.25
Louisiana,2020-01-01,0.49
Louisiana,2020-02-01,0.39
Louisiana,2020-03-01,0.09
Louisiana,2020-04-01,0.34
Louisiana,2020-05-01,0.83
Louisiana,2020-06-01,0.68
Louisiana,2020-07-01,0.33
Louisiana,2020-08-01,0.35
Louisiana,2020-09-01,0.5
Louisiana,2020-10-01,0.27
Louisiana,2020-11-01,0.02
Louisiana,2020-12-01,0.66
Louisiana,2021-01-01,0.7
Louisiana,2021-02-01,0.21
Louisiana,2021-03-01,0.86
Louisiana,2021-04-01,0.15
Louisiana,2021-05-01,0.1
Louisiana,2021-06-01,0.46
Louisiana,2021-07-01,0.59
Louisiana,2021-08-01,0.48
Louisiana,2021-09-01,0.93
Louisiana,2021-10-01,0.7
Louisiana,2021-11-01,0.78
Louisiana,2021-12-01,0.1
Louisiana,2022-01-01,0.62
Louisiana,2022-02-01,0.23
Louisiana,2022-03-01,0.87
Louisiana,2022-04-01,0.58
Louisiana,2022-05-01,0.74
Louisiana,2022-06-01,0.99
Louisiana,2022-07-01,0.84
Louisiana,2022-08-01,0.52
Louisiana,2022-09-01,0.88
Louisiana,2022-10-01,0.17
Louisiana,2022-11-01,0.85
Louisiana,2022-12-01,0.18
Louisiana,2023-01-01,0.55
Louisiana,2023-02-01,0.29
Louisiana,2023-03-01,0.05
Louisiana,2023-04-01,0.16
Louisiana,2023-05-01,0.39
Louisiana,2023-06-01,0.24
Louisiana,2023-07-01,0.17
Louisiana,2023-08-01,0.02
Louisiana,2023-09-01,0.71
Louisiana,2023-10-01,0.58
Louisiana,2023-11-01,0.62
Louisiana,2023-12-01,0.23
Louisiana,2024-01-01,0.33
Louisiana,2024-02-01,0.15
Louisiana,2024-03-01,0.2
Louisiana,2024-04-01,0.88
Louisiana,2024-05-01,0.3
Louisiana,2024-06-01,0.02
Louisiana,2024-07-01,0.76
Louisiana,2024-08-01,0.09
Louisiana,2024-09-01,0.18
Louisiana,2024-10-01,0.97
Louisiana,2024-11-01,0.85
Louisiana,2024-12-01,0.25
Maine,2020-01-01,0.34
Maine,2020-02-01,0.87
Maine,2020-03-01,0.65
Maine,2020-04-01,0.14
Maine,2020-05-01,0.51
Maine,2020-06-01,0.57
Maine,2020-07-01,0.31
Maine,2020-08-01,0.41
Maine,2020-09-01,0.59
Maine,2020-10-01,0.74
Maine,2020-11-01,0.24
Maine,2020-12-01,0.06
Maine,2021-01-01,0.42
Maine,2021-02-01,0.29
Maine,2021-03-01,0.62
Maine,2021-04-01,0.3
Maine,2021-05-01,0.53
Maine,2021-06-01,0.7
Maine,2021-07-01,0.8
Maine,2021-08-01,0.84
Maine,2021-09-01,0.77
Maine,2021-10-01,0.35
Maine,2021-11-01,0.75
Maine,2021-12-01,0.61
Maine,2022-01-01,0.37
Maine,2022-02-01,0.89
Maine,2022-03-01,0.77
Maine,2022-04-01,0.96
Maine,2022-05-01,0.31
Maine,2022-06-01,0.38
Maine,2022-07-01,0.23
Maine,2022-08-01,0.65
Maine,2022-09-01,0.38
Maine,2022-10-01,0.43
Maine,2022-11-01,0.95
Maine,2022-12-01,0.63
Maine,2023-01-01,0.6
Maine,2023-02-01,0.46
Maine,2023-03-01,0.33
Maine,2023-04-01,0.15
Maine,2023-05-01,0.92
Maine,2023-06-01,0.91
Maine,2023-07-01,0.98
Maine,2023-08-01,0.23
Maine,2023-09-01,0.68
Maine,2023-10-01,0.31
Maine,2023-11-01,0.64
Maine,2023-12-01,0.54
Maine,2024-01-01,0.13
Maine,2024-02-01,0.33
Maine,2024-03-01,0.41
Maine,2024-04-01,0.16
Maine,2024-05-01,0.19
Maine,2024-06-01,0.46
Maine,2024-07-01,0.34
Maine,2024-08-01,0.14
Maine,2024-09-01,0.04
Maine,2024-10-01,0.77
Maine,2024-11-01,0.37
Maine,2024-12-01,0.48
Maryland,2020-01-01,0.09
Maryland,2020-02-01,0.11
Maryland,2020-03-01,0.86
Maryland,2020-04-01,0.62
Maryland,2020-05-01,0.6
Maryland,2020-06-01,0.14
Maryland,2020-07-01,0.17
Maryland,2020-08-01,0.52
Maryland,2020-09-01,0.85
Maryland,2020-10-01,0.85
Maryland,2020-11-01,0.78
Maryland,2020-12-01,0.6
Maryland,2021-01-01,0.13
Maryland,2021-02-01,0.39
Maryland,2021-03-01,0.88
Maryland,2021-04-01,0.64
Maryland,2021-05-01,0.28
Maryland,2021-06-01,0.48
Maryland,2021-07-01,0.19
Maryland,2021-08-01,0.68
Maryland,2021-09-01,0.07
Maryland,2021-10-01,0.44
Maryland,2021-11-01,0.58
Maryland,2021-12-01,0.4
Maryland,2022-01-01,0.54
Maryland,2022-02-01,0.72
Maryland,2022-03-01,0.35
Maryland,2022-04-01,0.95
Maryland,2022-05-01,0.06
Maryland,2022-06-01,0.92
Maryland,2022-07-01,0.69
Maryland,2022-08-01,0.37
Maryland,2022-09-01,0.74
Maryland,2022-10-01,0.06
Maryland,2022-11-01,0.12
Maryland,2022-12-01,0.04
Maryland,2023-01-01,0.23
Maryland,2023-02-01,0.09
Maryland,2023-03-01,0.38
Maryland,2023-04-01,0.09
Maryland,2023-05-01,0.51
Maryland,2023-06-01,0.55
Maryland,2023-07-01,0.6
Maryland,2023-08-01,0.45
Maryland,2023-09-01,0.74
Maryland,2023-10-01,1.0
Maryland,2023-11-01,0.86
Maryland,2023-12-01,0.73
Maryland,2024-01-01,0.31
Maryland,2024-02-01,0.47
Maryland,2024-03-01,0.97
Maryland,2024-04-01,0.35
Maryland,2024-05-01,0.62
Maryland,2024-06-01,0.79
Maryland,2024-07-01,0.36
Maryland,2024-08-01,0.36
Maryland,2024-09-01,0.04
Maryland,2024-10-01,0.38
Maryland,2024-11-01,0.9
Maryland,2024-12-01,0.54
Massachusetts,2020-01-01,0.75
Massachusetts,2020-02-01,0.93
Massachusetts,2020-03-01,0.21
Massachusetts,2020-04-01,0.15
Massachusetts,2020-05-01,0.72
Massachusetts,2020-06-01,0.73
Massachusetts,2020-07-01,0.53
Massachusetts,2020-08-01,0.88
Massachusetts,2020-09-01,0.87
Massachusetts,2020-10-01,0.26
Massachusetts,2020-11-01,0.28
Massachusetts,2020-12-01,0.57
Massachusetts,2021-01-01,0.31
Massachusetts,2021-02-01,0.7
Massachusetts,2021-03-01,0.46
Massachusetts,2021-04-01,0.09
Massachusetts,2021-05-01,0.86
Massachusetts,2021-06-01,0.94
Massachusetts,2021-07-01,0.53
Massachusetts,2021-08-01,0.32
Massachusetts,2021-09-01,0.54
Massachusetts,2021-10-01,0.57
Massachusetts,2021-11-01,0.39
Massachusetts,2021-12-01,0.41
Massachusetts,2022-01-01,0.12
Massachusetts,2022-02-01,0.19
Massachusetts,2022-03-01,0.9
Massachusetts,2022-04-01,0.26
Massachusetts,2022-05-01,0.54
Massachusetts,2022-06-01,0.91
Massachusetts,2022-07-01,0.64
Massachusetts,2022-08-01,0.46
Massachusetts,2022-09-01,0.05
Massachusetts,2022-10-01,0.82
Massachusetts,2022-11-01,0.78
Massachusetts,2022-12-01,0.52
Massachusetts,2023-01-01,0.6
Massachusetts,2023-02-01,0.1
Massachusetts,2023-03-01,0.67
Massachusetts,2023-04-01,0.77
Massachusetts,2023-05-01,0.23
Massachusetts,2023-06-01,0.22
Massachusetts,2023-07-01,0.37
Massachusetts,2023-08-01,0.52
Massachusetts,2023-09-01,0.8
Massachusetts,2023-10-01,0.61
Massachusetts,2023-11-01,0.85
Massachusetts,2023-12-01,0.89
Massachusetts,2024-01-01,0.62
Massachusetts,2024-02-01,0.68
Massachusetts,2024-03-01,0.01
Massachusetts,2024-04-01,0.39
Massachusetts,2024-05-01,0.9
Massachusetts,2024-06-01,0.84
Massachusetts,2024-07-01,0.2
Massachusetts,2024-08-01,0.57
Massachusetts,2024-09-01,0.6
Massachusetts,2024-10-01,0.99
Massachusetts,2024-11-01,0.65
Massachusetts,2024-12-01,0.81
Michigan,2020-01-01,0.23
Michigan,2020-02-01,0.38
Michigan,2020-03-01,0.41
Michigan,2020-04-01,0.42
Michigan,2020-05-01,0.38
Michigan,2020-06-01,0.99
Michigan,2020-07-01,0.54
Michigan,2020-08-01,0.47
Michigan,2020-09-01,0.13
Michigan,2020-10-01,0.7
Michigan,2020-11-01,0.64
Michigan,2020-12-01,0.94
Michigan,2021-01-01,0.1
Michigan,2021-02-01,0.25
Michigan,2021-03-01,0.28
Michigan,2021-04-01,0.43
Michigan,2021-05-01,0.18
Michigan,2021-06-01,0.94
Michigan,2021-07-01,0.3
Michigan,2021-08-01,0.22
Michigan,2021-09-01,0.24
Michigan,2021-10-01,0.76
Michigan,2021-11-01,0.61
Michigan,2021-12-01,0.8
Michigan,2022-01-01,0.87
Michigan,2022-02-01,0.72
Michigan,2022-03-01,0.37
Michigan,2022-04-01,0.85
Michigan,2022-05-01,0.09
Michigan,2022-06-01,0.51
Michigan,2022-07-01,0.36
Michigan,2022-08-01,0.86
Michigan,2022-09-01,0.36
Michigan,2022-10-01,0.18
Michigan,2022-11-01,0.14
Michigan,2022-12-01,0.45
Michigan,2023-01-01,0.05
Michigan,2023-02-01,0.17
Michigan,2023-03-01,0.31
Michigan,2023-04-01,0.29
Michigan,2023-05-01,0.81
Michigan,2023-06-01,0.26
Michigan,2023-07-01,0.31
Michigan,2023-08-01,0.52
Michigan,2023-09-01,0.68
Michigan,2023-10-01,0.08
Michigan,2023-11-01,0.53
Michigan,2023-12-01,0.56
Michigan,2024-01-01,0.12
Michigan,2024-02-01,0.68
Michigan,2024-03-01,0.6
Michigan,2024-04-01,0.38
Michigan,2024-05-01,0.06
Michigan,2024-06-01,0.53
Michigan,2024-07-01,0.06
Michigan,2024-08-01,0.56
Michigan,2024-09-01,0.57
Michigan,2024-10-01,0.21
Michigan,2024-11-01,0.81
Michigan,2024-12-01,0.33
Minnesota,2020-01-01,0.49
Minnesota,2020-02-01,0.58
Minnesota,2020-03-01,0.02
Minnesota,2020-04-01,0.82
Minnesota,2020-05-01,0.31
Minnesota,2020-06-01,0.77
Minnesota,2020-07-01,0.35
Minnesota,2020-08-01,0.38
Minnesota,2020-09-01,0.74
Minnesota,2020-10-01,0.21
Minnesota,2020-11-01,0.24
Minnesota,2020-12-01,0.1
Minnesota,2021-01-01,0.38
Minnesota,2021-02-01,0.11
Minnesota,2021-03-01,0.79
Minnesota,2021-04-01,0.74
Minnesota,2021-05-01,0.91
Minnesota,2021-06-01,0.02
Minnesota,2021-07-01,0.34
Minnesota,2021-08-01,0.0
Minnesota,2021-09-01,0.78
Minnesota,2021-10-01,0.52
Minnesota,2021-11-01,0.48
Minnesota,2021-12-01,0.92
Minnesota,2022-01-01,0.67
Minnesota,2022-02-01,0.76
Minnesota,2022-03-01,0.52
Minnesota,2022-04-01,0.04
Minnesota,2022-05-01,0.27
Minnesota,2022-06-01,0.65
Minnesota,2022-07-01,0.58
Minnesota,2022-08-01,0.69
Minnesota,2022-09-01,0.66
Minnesota,2022-10-01,0.69
Minnesota,2022-11-01,0.82
Minnesota,2022-12-01,0.29
Minnesota,2023-01-01,0.59
Minnesota,2023-02-01,0.61
Minnesota,2023-03-01,0.66
Minnesota,2023-04-01,0.17
Minnesota,2023-05-01,0.81
Minnesota,2023-06-01,0.31
Minnesota,2023-07-01,0.77
Minnesota,2023-08-01,0.1
Minnesota,2023-09-01,0.39
Minnesota,2023-10-01,0.43
Minnesota,2023-11-01,0.36
Minnesota,2023-12-01,0.29
Minnesota,2024-01-01,0.11
Minnesota,2024-02-01,0.69
Minnesota,2024-03-01,0.07
Minnesota,2024-04-01,0.27
Minnesota,2024-05-01,0.8
Minnesota,2024-06-01,0.68
Minnesota,2024-07-01,0.04
Minnesota,2024-08-01,0.65
Minnesota,2024-09-01,0.82
Minnesota,2024-10-01,0.41
Minnesota,2024-11-01,0.68
Minnesota,2024-12-01,0.83
Mississippi,2020-01-01,0.03
Mississippi,2020-02-01,0.56
Mississippi,2020-03-01,0.66
Mississippi,2020-04-01,0.22
Mississippi,2020-05-01,0.12
Mississippi,2020-06-01,0.7
Mississippi,2020-07-01,0.09
Mississippi,2020-08-01,0.55
Mississippi,2020-09-01,0.06
Mississippi,2020-10-01,0.38
Mississippi,2020-11-01,0.93
Mississippi,2020-12-01,0.56
Mississippi,2021-01-01,0.39
Mississippi,2021-02-01,0.53
Mississippi,2021-03-01,0.89
Mississippi,2021-04-01,0.23
Mississippi,2021-05-01,0.17
Mississippi,2021-06-01,0.64
Mississippi,2021-07-01,0.49
Mississippi,2021-08-01,0.91
Mississippi,2021-09-01,0.32
Mississippi,2021-10-01,0.74
Mississippi,2021-11-01,0.69
Mississippi,2021-12-01,0.62
Mississippi,2022-01-01,0.76
Mississippi,2022-02-01,0.76
Mississippi,2022-03-01,0.64
Mississippi,2022-04-01,0.76
Mississippi,2022-05-01,0.52
Mississippi,2022-06-01,0.86
Mississippi,2022-07-01,0.7
Mississippi,2022-08-01,0.82
Mississippi,2022-09-01,0.27
Mississippi,2022-10-01,0.18
Mississippi,2022-11-01,0.51
Mississippi,2022-12-01,0.06
Mississippi,2023-01-01,0.13
Mississippi,2023-02-01,0.66
Mississippi,2023-03-01,0.19
Mississippi,2023-04-01,0.16
Mississippi,2023-05-01,0.9
Mississippi,2023-06-01,1.0
Mississippi,2023-07-01,0.96
Mississippi,2023-08-01,0.12
Mississippi,2023-09-01,0.2
Mississippi,2023-10-01,0.27
Mississippi,2023-11-01,0.15
Mississippi,2023-12-01,0.5
Mississippi,2024-01-01,0.76
Mississippi,2024-02-01,0.87
Mississippi,2024-03-01,0.47
Mississippi,2024-04-01,0.53
Mississippi,2024-05-01,0.29
Mississippi,2024-06-01,0.68
Mississippi,2024-07-01,0.31
Mississippi,2024-08-01,0.22
Mississippi,2024-09-01,0.97
Mississippi,2024-10-01,0.35
Mississippi,2024-11-01,0.99
Mississippi,2024-12-01,0.28
Missouri,2020-01-01,0.48
Missouri,2020-02-01,0.29
Missouri,2020-03-01,0.15
Missouri,2020-04-01,0.45
Missouri,2020-05-01,0.53
Missouri,2020-06-01,0.39
Missouri,2020-07-01,0.89
Missouri,2020-08-01,0.86
Missouri,2020-09-01,0.43
Missouri,2020-10-01,0.09
Missouri,2020-11-01,0.6
Missouri,2020-12-01,0.0
Missouri,2021-01-01,0.13
Missouri,2021-02-01,1.0
Missouri,2021-03-01,0.03
Missouri,2021-04-01,0.16
Missouri,2021-05-01,0.48
Missouri,2021-06-01,0.5
Missouri,2021-07-01,0.62
Missouri,2021-08-01,0.77
Missouri,2021-09-01,0.03
Missouri,2021-10-01,0.48
Missouri,2021-11-01,0.57
Missouri,2021-12-01,0.62
Missouri,2022-01-01,0.85
Missouri,2022-02-01,0.08
Missouri,2022-03-01,0.27
Missouri,2022-04-01,0.51
Missouri,2022-05-01,0.24
Missouri,2022-06-01,0.45
Missouri,2022-07-01,0.14
Missouri,2022-08-01,0.22
Missouri,2022-09-01,0.02
Missouri,2022-10-01,0.39
Missouri,2022-11-01,0.06
Missouri,2022-12-01,0.47
Missouri,2023-01-01,0.81
Missouri,2023-02-01,0.85
Missouri,2023-03-01,0.77
Missouri,2023-04-01,0.43
Missouri,2023-05-01,0.31
Missouri,2023-06-01,0.86
Missouri,2023-07-01,0.1
Missouri,2023-08-01,0.04
Missouri,2023-09-01,0.86
Missouri,2023-10-01,0.55
Missouri,2023-11-01,0.53
Missouri,2023-12-01,0.88
Missouri,2024-01-01,0.22
Missouri,2024-02-01,0.39
Missouri,2024-03-01,0.54
Missouri,2024-04-01,0.05
Missouri,2024-05-01,0.41
Missouri,2024-06-01,0.18
Missouri,2024-07-01,0.13
Missouri,2024-08-01,0.42
Missouri,2024-09-01,0.37
Missouri,2024-10-01,0.04
Missouri,2024-11-01,0.52
Missouri,2024-12-01,0.83
Montana,2020-01-01,0.2
Montana,2020-02-01,0.34
Montana,2020-03-01,0.16
Montana,2020-04-01,0.53
Montana,2020-05-01,0.33
Montana,2020-06-01,0.55
Montana,2020-07-01,0.4
Montana,2020-08-01,0.27
Montana,2020-09-01,0.72
Montana,2020-10-01,0.71
Montana,2020-11-01,0.45
Montana,2020-12-01,0.66
Montana,2021-01-01,0.47
Montana,2021-02-01,0.0
Montana,2021-03-01,0.23
Montana,2021-04-01,0.6
Montana,2021-05-01,0.6
Montana,2021-06-01,0.33
Montana,2021-07-01,0.34
Montana,2021-08-01,0.57
Montana,2021-09-01,0.08
Montana,2021-10-01,0.29
Montana,2021-11-01,0.99
Montana,2021-12-01,0.94
Montana,2022-01-01,0.01
Montana,2022-02-01,0.82
Montana,2022-03-01,0.74
Montana,2022-04-01,0.0
Montana,2022-05-01,0.3
Montana,2022-06-01,0.12
Montana,2022-07-01,0.77
Montana,2022-08-01,0.47
Montana,2022-09-01,0.1
Montana,2022-10-01,0.41
Montana,2022-11-01,0.84
Montana,2022-12-01,0.05
Montana,2023-01-01,0.2
Montana,2023-02-01,0.03
Montana,2023-03-01,0.12
Montana,2023-04-01,0.08
Montana,2023-05-01,0.15
Montana,2023-06-01,0.66
Montana,2023-07-01,0.31
Montana,2023-08-01,0.82
Montana,2023-09-01,0.28
Montana,2023-10-01,0.39
Montana,2023-11-01,0.45
Montana,2023-12-01,0.3
Montana,2024-01-01,0.15
Montana,2024-02-01,0.97
Montana,2024-03-01,0.46
Montana,2024-04-01,0.76
Montana,2024-05-01,0.35
Montana,2024-06-01,0.17
Montana,2024-07-01,0.2
Montana,2024-08-01,0.2
Montana,2024-09-01,0.78
Montana,2024-10-01,0.74
Montana,2024-11-01,0.39
Montana,2024-12-01,0.92
Nebraska,2020-01-01,0.27
Nebraska,2020-02-01,0.44
Nebraska,2020-03-01,0.33
Nebraska,2020-04-01,0.74
Nebraska,2020-05-01,0.48
Nebraska,2020-06-01,0.44
Nebraska,2020-07-01,0.23
Nebraska,2020-08-01,0.25
Nebraska,2020-09-01,0.09
Nebraska,2020-10-01,0.53
Nebraska,2020-11-01,0.07
Nebraska,2020-12-01,0.59
Nebraska,2021-01-01,0.02
Nebraska,2021-02-01,0.46
Nebraska,2021-03-01,0.18
Nebraska,2021-04-01,0.78
Nebraska,2021-05-01,0.29
Nebraska,2021-06-01,0.24
Nebraska,2021-07-01,0.65
Nebraska,2021-08-01,0.23
Nebraska,2021-09-01,0.37
Nebraska,2021-10-01,0.25
Nebraska,2021-11-01,0.39
Nebraska,2021-12-01,0.46
Nebraska,2022-01-01,0.97
Nebraska,2022-02-01,0.92
Nebraska,2022-03-01,0.43
Nebraska,2022-04-01,0.74
Nebraska,2022-05-01,0.87
Nebraska,2022-06-01,1.0
Nebraska,2022-07-01,0.73
Nebraska,2022-08-01,0.25
Nebraska,2022-09-01,0.62
Nebraska,2022-10-01,0.96
Nebraska,2022-11-01,0.09
Nebraska,2022-12-01,0.57
Nebraska,2023-01-01,0.08
Nebraska,2023-02-01,0.79
Nebraska,2023-03-01,0.82
Nebraska,2023-04-01,0.08
Nebraska,2023-05-01,0.69
Nebraska,2023-06-01,0.03
Nebraska,2023-07-01,0.91
Nebraska,2023-08-01,0.22
Nebraska,2023-09-01,0.11
Nebraska,2023-10-01,0.56
Nebraska,2023-11-01,0.59
Nebraska,2023-12-01,0.3
Nebraska,2024-01-01,0.4
Nebraska,2024-02-01,0.71
Nebraska,2024-03-01,0.02
Nebraska,2024-04-01,0.97
Nebraska,2024-05-01,0.31
Nebraska,2024-06-01,0.76
Nebraska,2024-07-01,0.29
Nebraska,2024-08-01,0.51
Nebraska,2024-09-01,0.29
Nebraska,2024-10-01,0.53
Nebraska,2024-11-01,0.64
Nebraska,2024-12-01,0.1
Nevada,2020-01-01,0.89
Nevada,2020-02-01,0.34
Nevada,2020-03-01,0.2
Nevada,2020-04-01,0.84
Nevada,2020-05-01,0.46
Nevada,2020-06-01,0.7
Nevada,2020-07-01,0.96
Nevada,2020-08-01,0.17
Nevada,2020-09-01,0.96
Nevada,2020-10-01,0.17
Nevada,2020-11-01,0.71
Nevada,2020-12-01,0.45
Nevada,2021-01-01,0.62
Nevada,2021-02-01,0.26
Nevada,2021-03-01,0.67
Nevada,2021-04-01,0.0
Nevada,2021-05-01,0.37
Nevada,2021-06-01,0.66
Nevada,2021-07-01,0.12
Nevada,2021-08-01,0.43
Nevada,2021-09-01,0.53
Nevada,2021-10-01,0.91
Nevada,2021-11-01,0.67
Nevada,2021-12-01,0.91
Nevada,2022-01-01,0.78
Nevada,2022-02-01,0.64
Nevada,2022-03-01,0.62
Nevada,2022-04-01,0.35
Nevada,2022-05-01,0.66
Nevada,2022-06-01,0.13
Nevada,2022-07-01,0.2
Nevada,2022-08-01,0.95
Nevada,2022-09-01,0.85
Nevada,2022-10-01,0.34
Nevada,2022-11-01,0.09
Nevada,2022-12-01,0.9
Nevada,2023-01-01,0.95
Nevada,2023-02-01,0.45
Nevada,2023-03-01,0.06
Nevada,2023-04-01,0.7
Nevada,2023-05-01,0.55
Nevada,2023-06-01,0.62
Nevada,2023-07-01,0.3
Nevada,2023-08-01,0.05
Nevada,2023-09-01,0.31
Nevada,2023-10-01,0.95
Nevada,2023-11-01,0.52
Nevada,2023-12-01,0.71
Nevada,2024-01-01,0.89
Nevada,2024-02-01,0.17
Nevada,2024-03-01,0.63
Nevada,2024-04-01,0.79
Nevada,2024-05-01,0.4
Nevada,2024-06-01,0.42
Nevada,2024-07-01,0.95
Nevada,2024-08-01,0.38
Nevada,2024-09-01,0.58
Nevada,2024-10-01,0.41
Nevada,2024-11-01,0.77
Nevada,2024-12-01,0.87
New Hampshire,2020-01-01,0.43
New Hampshire,2020-02-01,0.89
New Hampshire,2020-03-01,0.98
New Hampshire,2020-04-01,0.02
New Hampshire,2020-05-01,0.43
New Hampshire,2020-06-01,0.14
New Hampshire,2020-07-01,0.11
New Hampshire,2020-08-01,0.86
New Hampshire,2020-09-01,0.19
New Hampshire,2020-10-01,0.12
New Hampshire,2020-11-01,0.68
New Hampshire,2020-12-01,0.7
New Hampshire,2021-01-01,0.04
New Hampshire,2021-02-01,0.85
New Hampshire,2021-03-01,0.17
New Hampshire,2021-04-01,0.47
New Hampshire,2021-05-01,0.92
New Hampshire,2021-06-01,0.9
New Hampshire,2021-07-01,0.33
New Hampshire,2021-08-01,0.78
New Hampshire,2021-09-01,0.64
New Hampshire,2021-10-01,0.78
New Hampshire,2021-11-01,0.17
New Hampshire,2021-12-01,0.68
New Hampshire,2022-01-01,0.23
New Hampshire,2022-02-01,0.79
New Hampshire,2022-03-01,0.66
New Hampshire,2022-04-01,0.95
New Hampshire,2022-05-01,0.88
New Hampshire,2022-06-01,0.26
New Hampshire,2022-07-01,0.91
New Hampshire,2022-08-01,0.71
New Hampshire,2022-09-01,0.5
New Hampshire,2022-10-01,0.69
New Hampshire,2022-11-01,0.92
New Hampshire,2022-12-01,0.87
New Hampshire,2023-01-01,0.16
New Hampshire,2023-02-01,0.62
New Hampshire,2023-03-01,0.13
New Hampshire,2023-04-01,0.96
New Hampshire,2023-05-01,0.94
New Hampshire,2023-06-01,0.5
New Hampshire,2023-07-01,0.85
New Hampshire,2023-08-01,0.47
New Hampshire,2023-09-01,0.99
New Hampshire,2023-10-01,0.49
New Hampshire,2023-11-01,0.29
New Hampshire,2023-12-01,0.73
New Hampshire,2024-01-01,0.54
New Hampshire,2024-02-01,0.62
New Hampshire,2024-03-01,0.13
New Hampshire,2024-04-01,0.82
New Hampshire,2024-05-01,0.65
New Hampshire,2024-06-01,0.91
New Hampshire,2024-07-01,0.74
New Hampshire,2024-08-01,0.02
New Hampshire,2024-09-01,0.95
New Hampshire,2024-10-01,0.95
New Hampshire,2024-11-01,0.57
New Hampshire,2024-12-01,0.62
New Jersey,2020-01-01,0.61
New Jersey,2020-02-01,0.96
New Jersey,2020-03-01,0.63
New Jersey,2020-04-01,0.7
New Jersey,2020-05-01,0.43
New Jersey,2020-06-01,0.68
New Jersey,2020-07-01,0.45
New Jersey,2020-08-01,0.55
New Jersey,2020-09-01,0.43
New Jersey,2020-10-01,0.47
New Jersey,2020-11-01,0.28
New Jersey,2020-12-01,0.38
New Jersey,2021-01-01,0.04
New Jersey,2021-02-01,0.03
New Jersey,2021-03-01,0.45
New Jersey,2021-04-01,0.9
New Jersey,2021-05-01,0.91
New Jersey,2021-06-01,0.92
New Jersey,2021-07-01,0.4
New Jersey,2021-08-01,0.77
New Jersey,2021-09-01,0.26
New Jersey,2021-10-01,0.5
New Jersey,2021-11-01,0.29
New Jersey,2021-12-01,0.95
New Jersey,2022-01-01,0.33
New Jersey,2022-02-01,0.0
New Jersey,2022-03-01,0.3
New Jersey,2022-04-01,0.42
New Jersey,2022-05-01,0.51
New Jersey,2022-06-01,0.44
New Jersey,2022-07-01,0.79
New Jersey,2022-08-01,0.11
New Jersey,2022-09-01,0.28
New Jersey,2022-10-01,0.82
New Jersey,2022-11-01,0.35
New Jersey,2022-12-01,0.6
New Jersey,2023-01-01,0.37
New Jersey,2023-02-01,0.88
New Jersey,2023-03-01,0.07
New Jersey,2023-04-01,0.94
New Jersey,2023-05-01,0.6
New Jersey,2023-06-01,0.67
New Jersey,2023-07-01,0.69
New Jersey,2023-08-01,0.71
New Jersey,2023-09-01,0.66
New Jersey,2023-10-01,0.5
New Jersey,2023-11-01,0.83
New Jersey,2023-12-01,0.39
New Jersey,2024-01-01,0.58
New Jersey,2024-02-01,0.44
New Jersey,2024-03-01,0.73
New Jersey,2024-04-01,0.57
New Jersey,2024-05-01,0.51
New Jersey,2024-06-01,0.0
New Jersey,2024-07-01,0.53
New Jersey,2024-08-01,0.59
New Jersey,2024-09-01,0.58
New Jersey,2024-10-01,0.7
New Jersey,2024-11-01,0.41
New Jersey,2024-12-01,0.82
New Mexico,2020-01-01,0.07
New Mexico,2020-02-01,0.98
New Mexico,2020-03-01,0.13
New Mexico,2020-04-01,0.44
New Mexico,2020-05-01,0.61
New Mexico,2020-06-01,0.19
New Mexico,2020-07-01,0.62
New Mexico,2020-08-01,0.98
New Mexico,2020-09-01,0.65
New Mexico,2020-10-01,0.92
New Mexico,2020-11-01,0.81
New Mexico,2020-12-01,0.72
New Mexico,2021-01-01,0.64
New Mexico,2021-02-01,0.68
New Mexico,2021-03-01,0.69
New Mexico,2021-04-01,0.68
New Mexico,2021-05-01,0.85
New Mexico,2021-06-01,0.89
New Mexico,2021-07-01,0.92
New Mexico,2021-08-01,0.26
New Mexico,2021-09-01,0.16
New Mexico,2021-10-01,0.11
New Mexico,2021-11-01,0.09
New Mexico,2021-12-01,0.2
New Mexico,2022-01-01,0.39
New Mexico,2022-02-01,0.37
New Mexico,2022-03-01,0.12
New Mexico,2022-04-01,0.51
New Mexico,2022-05-01,0.23
New Mexico,2022-06-01,0.61
New Mexico,2022-07-01,0.19
New Mexico,2022-08-01,0.73
New Mexico,2022-09-01,0.5
New Mexico,2022-10-01,0.41
New Mexico,2022-11-01,0.39
New Mexico,2022-12-01,0.7
New Mexico,2023-01-01,0.95
New Mexico,2023-02-01,0.03
New Mexico,2023-03-01,0.22
New Mexico,2023-04-01,0.79
New Mexico,2023-05-01,0.66
New Mexico,2023-06-01,0.84
New Mexico,2023-07-01,0.42
New Mexico,2023-08-01,0.16
New Mexico,2023-09-01,0.92
New Mexico,2023-10-01,0.06
New Mexico,2023-11-01,0.62
New Mexico,2023-12-01,0.83
New Mexico,2024-01-01,0.56
New Mexico,2024-02-01,0.78
New Mexico,2024-03-01,0.59
New Mexico,2024-04-01,0.2
New Mexico,2024-05-01,0.9
New Mexico,2024-06-01,0.07
New Mexico,2024-07-01,0.45
New Mexico,2024-08-01,0.89
New Mexico,2024-09-01,0.38
New Mexico,2024-10-01,0.2
New Mexico,2024-11-01,0.26
New Mexico,2024-12-01,0.4
New York,2020-01-01,0.51
New York,2020-02-01,0.82
New York,2020-03-01,0.14
New York,2020-04-01,0.9
New York,2020-05-01,0.71
New York,2020-06-01,0.8
New York,2020-07-01,0.76
New York,2020-08-01,0.69
New York,2020-09-01,0.03
New York,2020-10-01,0.94
New York,2020-11-01,0.49
New York,2020-12-01,0.63
New York,2021-01-01,0.9
New York,2021-02-01,0.59
New York,2021-03-01,0.6
New York,2021-04-01,0.9
New York,2021-05-01,0.74
New York,2021-06-01,0.02
New York,2021-07-01,0.21
New York,2021-08-01,0.17
New York,2021-09-01,0.94
New York,2021-10-01,0.2
New York,2021-11-01,1.0
New York,2021-12-01,0.78
New York,2022-01-01,0.37
New York,2022-02-01,0.01
New York,2022-03-01,0.45
New York,2022-04-01,0.84
New York,2022-05-01,0.57
New York,2022-06-01,0.03
New York,2022-07-01,0.92
New York,2022-08-01,0.7
New York,2022-09-01,0.15
New York,2022-10-01,0.22
New York,2022-11-01,0.35
New York,2022-12-01,0.53
New York,2023-01-01,0.86
New York,2023-02-01,0.71
New York,2023-03-01,0.54
New York,2023-04-01,0.9
New York,2023-05-01,0.02
New York,2023-06-01,0.2
New York,2023-07-01,0.9
New York,2023-08-01,0.41
New York,2023-09-01,0.95
New York,2023-10-01,0.58
New York,2023-11-01,0.98
New York,2023-12-01,0.43
New York,2024-01-01,0.14
New York,2024-02-01,0.1
New York,2024-03-01,0.85
New York,2024-04-01,0.31
New York,2024-05-01,0.12
New York,2024-06-01,0.93
New York,2024-07-01,0.28
New York,2024-08-01,0.06
New York,2024-09-01,0.98
New York,2024-10-01,0.64
New York,2024-11-01,0.57
New York,2024-12-01,0.21
North Carolina,2020-01-01,0.51
North Carolina,2020-02-01,0.83
North Carolina,2020-03-01,0.78
North Carolina,2020-04-01,0.35
North Carolina,2020-05-01,0.84
North Carolina,2020-06-01,0.19
North Carolina,2020-07-01,0.76
North Carolina,2020-08-01,0.43
North Carolina,2020-09-01,0.07
North Carolina,2020-10-01,0.38
North Carolina,2020-11-01,0.8
North Carolina,2020-12-01,0.41
North Carolina,2021-01-01,0.27
North Carolina,2021-02-01,0.71
North Carolina,2021-03-01,0.14
North Carolina,2021-04-01,0.12
North Carolina,2021-05-01,0.08
North Carolina,2021-06-01,0.33
North Carolina,2021-07-01,0.06
North Carolina,2021-08-01,0.99
North Carolina,2021-09-01,0.44
North Carolina,2021-10-01,0.19
North Carolina,2021-11-01,0.09
North Carolina,2021-12-01,0.01
North Carolina,2022-01-01,0.69
North Carolina,2022-02-01,0.78
North Carolina,2022-03-01,0.11
North Carolina,2022-04-01,0.79
North Carolina,2022-05-01,0.57
North Carolina,2022-06-01,0.88
North Carolina,2022-07-01,0.24
North Carolina,2022-08-01,0.18
North Carolina,2022-09-01,0.34
North Carolina,2022-10-01,0.41
North Carolina,2022-11-01,0.37
North Carolina,2022-12-01,0.68
North Carolina,2023-01-01,0.92
North Carolina,2023-02-01,0.97
North Carolina,2023-03-01,0.24
North Carolina,2023-04-01,0.45
North Carolina,2023-05-01,0.04
North Carolina,2023-06-01,0.52
North Carolina,2023-07-01,0.64
North Carolina,2023-08-01,0.96
North Carolina,2023-09-01,0.36
North Carolina,2023-10-01,0.16
North Carolina,2023-11-01,0.44
North Carolina,2023-12-01,0.18
North Carolina,2024-01-01,0.81
North Carolina,2024-02-01,0.42
North Carolina,2024-03-01,0.63
North Carolina,2024-04-01,0.98
North Carolina,2024-05-01,0.38
North Carolina,2024-06-01,0.74
North Carolina,2024-07-01,0.17
North Carolina,2024-08-01,0.27
North Carolina,2024-09-01,0.36
North Carolina,2024-10-01,0.68
North Carolina,2024-11-01,0.37
North Carolina,2024-12-01,0.24
North Dakota,2020-01-01,0.05
North Dakota,2020-02-01,0.21
North Dakota,2020-03-01,0.38
North Dakota,2020-04-01,0.92
North Dakota,2020-05-01,0.66
North Dakota,2020-06-01,0.97
North Dakota,2020-07-01,0.09
North Dakota,2020-08-01,0.4
North Dakota,2020-09-01,0.81
North Dakota,2020-10-01,0.34
North Dakota,2020-11-01,0.74
North Dakota,2020-12-01,0.26
North Dakota,2021-01-01,0.96
North Dakota,2021-02-01,0.87
North Dakota,2021-03-01,0.41
North Dakota,2021-04-01,0.58
North Dakota,2021-05-01,0.8
North Dakota,2021-06-01,0.32
North Dakota,2021-07-01,0.88
North Dakota,2021-08-01,0.03
North Dakota,2021-09-01,0.62
North Dakota,2021-10-01,0.71
North Dakota,2021-11-01,0.85
North Dakota,2021-12-01,0.39
North Dakota,2022-01-01,0.6
North Dakota,2022-02-01,0.41
North Dakota,2022-03-01,0.87
North Dakota,2022-04-01,0.01
North Dakota,2022-05-01,0.66
North Dakota,2022-06-01,0.41
North Dakota,2022-07-01,0.4
North Dakota,2022-08-01,0.79
North Dakota,2022-09-01,0.35
North Dakota,2022-10-01,0.43
North Dakota,2022-11-01,0.53
North Dakota,2022-12-01,0.35
North Dakota,2023-01-01,0.33
North Dakota,2023-02-01,0.24
North Dakota,2023-03-01,0.54
North Dakota,2023-04-01,0.85
North Dakota,2023-05-01,0.03
North Dakota,2023-06-01,0.82
North Dakota,2023-07-01,0.82
North Dakota,2023-08-01,0.37
North Dakota,2023-09-01,0.86
North Dakota,2023-10-01,0.53
North Dakota,2023-11-01,0.01
North Dakota,2023-12-01,0.32
North Dakota,2024-01-01,0.24
North Dakota,2024-02-01,0.64
North Dakota,2024-03-01,0.37
North Dakota,2024-04-01,0.17
North Dakota,2024-05-01,0.84
North Dakota,2024-06-01,0.24
North Dakota,2024-07-01,0.23
North Dakota,2024-08-01,0.4
North Dakota,2024-09-01,0.56
North Dakota,2024-10-01,0.2
North Dakota,2024-11-01,0.75
North Dakota,2024-12-01,0.34
Ohio,2020-01-01,0.14
Ohio,2020-02-01,0.97
Ohio,2020-03-01,0.66
Ohio,2020-04-01,0.72
Ohio,2020-05-01,0.61
Ohio,2020-06-01,0.6
Ohio,2020-07-01,0.3
Ohio,2020-08-01,0.68
Ohio,2020-09-01,0.42
Ohio,2020-10-01,0.77
Ohio,2020-11-01,0.9
Ohio,2020-12-01,0.98
Ohio,2021-01-01,0.68
Ohio,2021-02-01,0.41
Ohio,2021-03-01,0.67
Ohio,2021-04-01,0.27
Ohio,2021-05-01,0.17
Ohio,2021-06-01,0.26
Ohio,2021-07-01,0.52
Ohio,2021-08-01,0.59
Ohio,2021-09-01,0.21
Ohio,2021-10-01,0.54
Ohio,2021-11-01,0.0
Ohio,2021-12-01,0.9
Ohio,2022-01-01,0.12
Ohio,2022-02-01,0.24
Ohio,2022-03-01,0.0
Ohio,2022-04-01,0.66
Ohio,2022-05-01,0.42
Ohio,2022-06-01,0.42
Ohio,2022-07-01,0.33
Ohio,2022-08-01,0.78
Ohio,2022-09-01,0.03
Ohio,2022-10-01,0.94
Ohio,2022-11-01,0.09
Ohio,2022-12-01,0.62
Ohio,2023-01-01,0.44
Ohio,2023-02-01,0.02
Ohio,2023-03-01,0.74
Ohio,2023-04-01,0.51
Ohio,2023-05-01,0.93
Ohio,2023-06-01,0.89
Ohio,2023-07-01,0.09
Ohio,2023-08-01,0.15
Ohio,2023-09-01,0.6
Ohio,2023-10-01,0.8
Ohio,2023-11-01,0.4
Ohio,2023-12-01,0.93
Ohio,2024-01-01,0.0
Ohio,2024-02-01,0.05
Ohio,2024-03-01,0.64
Ohio,2024-04-01,0.81
Ohio,2024-05-01,0.52
Ohio,2024-06-01,0.68
Ohio,2024-07-01,0.9
Ohio,2024-08-01,0.17
Ohio,2024-09-01,0.61
Ohio,2024-10-01,0.19
Ohio,2024-11-01,0.16
Ohio,2024-12-01,0.95
Oklahoma,2020-01-01,0.48
Oklahoma,2020-02-01,0.45
Oklahoma,2020-03-01,0.88
Oklahoma,2020-04-01,0.62
Oklahoma,2020-05-01,0.62
Oklahoma,2020-06-01,0.22
Oklahoma,2020-07-01,0.12
Oklahoma,2020-08-01,0.74
Oklahoma,2020-09-01,0.76
Oklahoma,2020-10-01,0.34
Oklahoma,2020-11-01,0.66
Oklahoma,2020-12-01,0.23
Oklahoma,2021-01-01,0.11
Oklahoma,2021-02-01,0.52
Oklahoma,2021-03-01,0.51
Oklahoma,2021-04-01,0.77
Oklahoma,2021-05-01,0.38
Oklahoma,2021-06-01,0.03
Oklahoma,2021-07-01,0.85
Oklahoma,2021-08-01,0.32
Oklahoma,2021-09-01,0.57
Oklahoma,2021-10-01,0.24
Oklahoma,2021-11-01,0.74
Oklahoma,2021-12-01,0.63
Oklahoma,2022-01-01,0.16
Oklahoma,2022-02-01,0.01
Oklahoma,2022-03-01,0.85
Oklahoma,2022-04-01,0.64
Oklahoma,2022-05-01,0.72
Oklahoma,2022-06-01,0.3
Oklahoma,2022-07-01,0.04
Oklahoma,2022-08-01,0.92
Oklahoma,2022-09-01,0.26
Oklahoma,2022-10-01,0.55
Oklahoma,2022-11-01,0.41
Oklahoma,2022-12-01,0.84
Oklahoma,2023-01-01,0.83
Oklahoma,2023-02-01,0.81
Oklahoma,2023-03-01,0.05
Oklahoma,2023-04-01,0.16
Oklahoma,2023-05-01,0.82
Oklahoma,2023-06-01,0.46
Oklahoma,2023-07-01,0.61
Oklahoma,2023-08-01,0.34
Oklahoma,2023-09-01,0.45
Oklahoma,2023-10-01,0.72
Oklahoma,2023-11-01,0.3
Oklahoma,2023-12-01,0.31
Oklahoma,2024-01-01,0.7
Oklahoma,2024-02-01,0.22
Oklahoma,2024-03-01,0.69
Oklahoma,2024-04-01,0.39
Oklahoma,2024-05-01,0.8
Oklahoma,2024-06-01,0.32
Oklahoma,2024-07-01,0.02
Oklahoma,2024-08-01,0.9
Oklahoma,2024-09-01,0.0
Oklahoma,2024-10-01,0.01
Oklahoma,2024-11-01,0.91
Oklahoma,2024-12-01,0.99
Oregon,2020-01-01,0.49
Oregon,2020-02-01,0.96
Oregon,2020-03-01,0.31
Oregon,2020-04-01,0.67
Oregon,2020-05-01,0.38
Oregon,2020-06-01,0.05
Oregon,2020-07-01,0.49
Oregon,2020-08-01,0.1
Oregon,2020-09-01,0.16
Oregon,2020-10-01,0.38
Oregon,2020-11-01,0.44
Oregon,2020-12-01,0.24
Oregon,2021-01-01,0.66
Oregon,2021-02-01,0.15
Oregon,2021-03-01,0.42
Oregon,2021-04-01,0.21
Oregon,2021-05-01,0.78
Oregon,2021-06-01,0.07
Oregon,2021-07-01,0.97
Oregon,2021-08-01,0.78
Oregon,2021-09-01,0.28
Oregon,2021-10-01,0.19
Oregon,2021-11-01,0.1
Oregon,2021-12-01,0.4
Oregon,2022-01-01,0.59
Oregon,2022-02-01,0.75
Oregon,2022-03-01,0.55
Oregon,2022-04-01,0.47
Oregon,2022-05-01,0.78
Oregon,2022-06-01,0.39
Oregon,2022-07-01,0.4
Oregon,2022-08-01,0.34
Oregon,2022-09-01,0.03
Oregon,2022-10-01,0.42
Oregon,2022-11-01,0.64
Oregon,2022-12-01,0.38
Oregon,2023-01-01,0.18
Oregon,2023-02-01,0.52
Oregon,2023-03-01,0.9
Oregon,2023-04-01,0.27
Oregon,2023-05-01,0.09
Oregon,2023-06-01,0.79
Oregon,2023-07-01,0.1
Oregon,2023-08-01,0.58
Oregon,2023-09-01,0.67
Oregon,2023-10-01,0.72
Oregon,2023-11-01,0.84
Oregon,2023-12-01,0.08
Oregon,2024-01-01,0.5
Oregon,2024-02-01,0.65
Oregon,2024-03-01,0.7
Oregon,2024-04-01,0.45
Oregon,2024-05-01,0.35
Oregon,2024-06-01,0.39
Oregon,2024-07-01,0.72
Oregon,2024-08-01,0.87
Oregon,2024-09-01,0.94
Oregon,2024-10-01,0.02
Oregon,2024-11-01,0.88
Oregon,2024-12-01,0.86
Pennsylvania,2020-01-01,0.29
Pennsylvania,2020-02-01,0.88
Pennsylvania,2020-03-01,0.88
Pennsylvania,2020-04-01,0.89
Pennsylvania,2020-05-01,0.23
Pennsylvania,2020-06-01,0.86
Pennsylvania,2020-07-01,0.8
Pennsylvania,2020-08-01,0.86
Pennsylvania,2020-09-01,0.75
Pennsylvania,2020-10-01,0.63
Pennsylvania,2020-11-01,0.75
Pennsylvania,2020-12-01,0.33
Pennsylvania,2021-01-01,0.54
Pennsylvania,2021-02-01,0.2
Pennsylvania,2021-03-01,0.52
Pennsylvania,2021-04-01,0.42
Pennsylvania,2021-05-01,0.2
Pennsylvania,2021-06-01,0.78
Pennsylvania,2021-07-01,0.14
Pennsylvania,2021-08-01,0.01
Pennsylvania,2021-09-01,0.07
Pennsylvania,2021-10-01,0.65
Pennsylvania,2021-11-01,0.92
Pennsylvania,2021-12-01,0.88
Pennsylvania,2022-01-01,0.67
Pennsylvania,2022-02-01,0.79
Pennsylvania,2022-03-01,0.06
Pennsylvania,2022-04-01,0.06
Pennsylvania,2022-05-01,0.27
Pennsylvania,2022-06-01,0.68
Pennsylvania,2022-07-01,0.48
Pennsylvania,2022-08-01,0.46
Pennsylvania,2022-09-01,0.72
Pennsylvania,2022-10-01,0.43
Pennsylvania,2022-11-01,0.88
Pennsylvania,2022-12-01,0.02
Pennsylvania,2023-01-01,0.65
Pennsylvania,2023-02-01,0.71
Pennsylvania,2023-03-01,0.02
Pennsylvania,2023-04-01,0.63
Pennsylvania,2023-05-01,0.45
Pennsylvania,2023-06-01,0.36
Pennsylvania,2023-07-01,0.76
Pennsylvania,2023-08-01,0.51
Pennsylvania,2023-09-01,0.9
Pennsylvania,2023-10-01,0.93
Pennsylvania,2023-11-01,0.67
Pennsylvania,2023-12-01,0.73
Pennsylvania,2024-01-01,0.3
Pennsylvania,2024-02-01,0.56
Pennsylvania,2024-03-01,0.73
Pennsylvania,2024-04-01,0.03
Pennsylvania,2024-05-01,0.35
Pennsylvania,2024-06-01,0.37
Pennsylvania,2024-07-01,0.09
Pennsylvania,2024-08-01,0.16
Pennsylvania,2024-09-01,0.54
Pennsylvania,2024-10-01,0.11
Pennsylvania,2024-11-01,0.21
Pennsylvania,2024-12-01,0.05
Rhode Island,2020-01-01,0.99
Rhode Island,2020-02-01,0.95
Rhode Island,2020-03-01,0.53
Rhode Island,2020-04-01,0.32
Rhode Island,2020-05-01,0.32
Rhode Island,2020-06-01,0.49
Rhode Island,2020-07-01,0.44
Rhode Island,2020-08-01,0.81
Rhode Island,2020-09-01,0.79
Rhode Island,2020-10-01,0.79
Rhode Island,2020-11-01,0.38
Rhode Island,2020-12-01,0.51
Rhode Island,2021-01-01,0.21
Rhode Island,2021-02-01,0.85
Rhode Island,2021-03-01,0.78
Rhode Island,2021-04-01,0.9
Rhode Island,2021-05-01,0.79
Rhode Island,2021-06-01,0.43
Rhode Island,2021-07-01,0.3
Rhode Island,2021-08-01,0.1
Rhode Island,2021-09-01,0.13
Rhode Island,2021-10-01,0.51
Rhode Island,2021-11-01,0.57
Rhode Island,2021-12-01,0.29
Rhode Island,2022-01-01,0.79
Rhode Island,2022-02-01,0.42
Rhode Island,2022-03-01,0.9
Rhode Island,2022-04-01,0.76
Rhode Island,2022-05-01,0.83
Rhode Island,2022-06-01,0.21
Rhode Island,2022-07-01,0.85
Rhode Island,2022-08-01,0.91
Rhode Island,2022-09-01,0.09
Rhode Island,2022-10-01,0.35
Rhode Island,2022-11-01,0.17
Rhode Island,2022-12-01,0.7
Rhode Island,2023-01-01,0.33
Rhode Island,2023-02-01,0.06
Rhode Island,2023-03-01,0.56
Rhode Island,2023-04-01,0.18
Rhode Island,2023-05-01,0.1
Rhode Island,2023-06-01,0.22
Rhode Island,2023-07-01,0.7
Rhode Island,2023-08-01,0.39
Rhode Island,2023-09-01,0.59
Rhode Island,2023-10-01,0.26
Rhode Island,2023-11-01,0.48
Rhode Island,2023-12-01,0.89
Rhode Island,2024-01-01,0.07
Rhode Island,2024-02-01,0.94
Rhode Island,2024-03-01,0.7
Rhode Island,2024-04-01,0.25
Rhode Island,2024-05-01,0.95
Rhode Island,2024-06-01,0.91
Rhode Island,2024-07-01,0.6
Rhode Island,2024-08-01,0.11
Rhode Island,2024-09-01,0.73
Rhode Island,2024-10-01,0.26
Rhode Island,2024-11-01,0.97
Rhode Island,2024-12-01,0.4
South Carolina,2020-01-01,0.13
South Carolina,2020-02-01,0.94
South Carolina,2020-03-01,0.61
South Carolina,2020-04-01,0.76
South Carolina,2020-05-01,0.31
South Carolina,2020-06-01,0.18
South Carolina,2020-07-01,0.6
South Carolina,2020-08-01,0.95
South Carolina,2020-09-01,0.67
South Carolina,2020-10-01,0.3
South Carolina,2020-11-01,0.06
South Carolina,2020-12-01,0.5
South Carolina,2021-01-01,0.71
South Carolina,2021-02-01,0.57
South Carolina,2021-03-01,0.13
South Carolina,2021-04-01,0.02
South Carolina,2021-05-01,0.6
South Carolina,2021-06-01,0.22
South Carolina,2021-07-01,0.92
South Carolina,2021-08-01,0.58
South Carolina,2021-09-01,0.53
South Carolina,2021-10-01,0.31
South Carolina,2021-11-01,0.66
South Carolina,2021-12-01,0.62
South Carolina,2022-01-01,0.6
South Carolina,2022-02-01,0.34
South Carolina,2022-03-01,0.17
South Carolina,2022-04-01,0.58
South Carolina,2022-05-01,0.56
South Carolina,2022-06-01,0.55
South Carolina,2022-07-01,0.14
South Carolina,2022-08-01,0.88
South Carolina,2022-09-01,0.29
South Carolina,2022-10-01,0.06
South Carolina,2022-11-01,0.36
South Carolina,2022-12-01,0.97
South Carolina,2023-01-01,0.0
South Carolina,2023-02-01,0.94
South Carolina,2023-03-01,0.1
South Carolina,2023-04-01,0.02
South Carolina,2023-05-01,0.76
South Carolina,2023-06-01,0.12
South Carolina,2023-07-01,0.8
South Carolina,2023-08-01,0.99
South Carolina,2023-09-01,0.24
South Carolina,2023-10-01,0.54
South Carolina,2023-11-01,0.79
South Carolina,2023-12-01,0.83
South Carolina,2024-01-01,0.55
South Carolina,2024-02-01,0.65
South Carolina,2024-03-01,0.43
South Carolina,2024-04-01,0.29
South Carolina,2024-05-01,0.8
South Carolina,2024-06-01,0.03
South Carolina,2024-07-01,0.63
South Carolina,2024-08-01,0.2
South Carolina,2024-09-01,0.16
South Carolina,2024-10-01,0.59
South Carolina,2024-11-01,0.18
South Carolina,2024-12-01,0.31
South Dakota,2020-01-01,0.9
South Dakota,2020-02-01,0.48
South Dakota,2020-03-01,0.88
South Dakota,2020-04-01,0.7
South Dakota,2020-05-01,0.82
South Dakota,2020-06-01,0.78
South Dakota,2020-07-01,0.33
South Dakota,2020-08-01,0.5
South Dakota,2020-09-01,0.3
South Dakota,2020-10-01,0.77
South Dakota,2020-11-01,0.06
South Dakota,2020-12-01,0.04
South Dakota,2021-01-01,0.55
South Dakota,2021-02-01,0.36
South Dakota,2021-03-01,0.37
South Dakota,2021-04-01,0.51
South Dakota,2021-05-01,0.96
South Dakota,2021-06-01,0.46
South Dakota,2021-07-01,0.09
South Dakota,2021-08-01,0.71
South Dakota,2021-09-01,0.2
South Dakota,2021-10-01,0.64
South Dakota,2021-11-01,0.99
South Dakota,2021-12-01,0.93
South Dakota,2022-01-01,0.51
South Dakota,2022-02-01,0.16
South Dakota,2022-03-01,0.03
South Dakota,2022-04-01,0.18
South Dakota,2022-05-01,0.7
South Dakota,2022-06-01,0.39
South Dakota,2022-07-01,0.44
South Dakota,2022-08-01,0.7
South Dakota,2022-09-01,0.39
South Dakota,2022-10-01,0.02
South Dakota,2022-11-01,0.89
South Dakota,2022-12-01,0.92
South Dakota,2023-01-01,0.59
South Dakota,2023-02-01,0.36
South Dakota,2023-03-01,0.81
South Dakota,2023-04-01,0.01
South Dakota,2023-05-01,0.17
South Dakota,2023-06-01,0.82
South Dakota,2023-07-01,0.4
South Dakota,2023-08-01,0.19
South Dakota,2023-09-01,0.44
South Dakota,2023-10-01,0.62
South Dakota,2023-11-01,0.1
South Dakota,2023-12-01,0.61
South Dakota,2024-01-01,0.55
South Dakota,2024-02-01,0.14
South Dakota,2024-03-01,0.91
South Dakota,2024-04-01,0.06
South Dakota,2024-05-01,0.96
South Dakota,2024-06-01,0.24
South Dakota,2024-07-01,0.83
South Dakota,2024-08-01,0.49
South Dakota,2024-09-01,0.08
South Dakota,2024-10-01,0.87
South Dakota,2024-11-01,0.68
South Dakota,2024-12-01,0.11
Tennessee,2020-01-01,0.9
Tennessee,2020-02-01,0.47
Tennessee,2020-03-01,0.53
Tennessee,2020-04-01,0.04
Tennessee,2020-05-01,0.62
Tennessee,2020-06-01,0.23
Tennessee,2020-07-01,0.51
Tennessee,2020-08-01,0.73
Tennessee,2020-09-01,0.55
Tennessee,2020-10-01,0.63
Tennessee,2020-11-01,0.46
Tennessee,2020-12-01,0.17
Tennessee,2021-01-01,0.73
Tennessee,2021-02-01,0.17
Tennessee,2021-03-01,0.17
Tennessee,2021-04-01,0.97
Tennessee,2021-05-01,0.64
Tennessee,2021-06-01,0.32
Tennessee,2021-07-01,0.21
Tennessee,2021-08-01,0.63
Tennessee,2021-09-01,0.38
Tennessee,2021-10-01,0.55
Tennessee,2021-11-01,0.74
Tennessee,2021-12-01,0.31
Tennessee,2022-01-01,0.27
Tennessee,2022-02-01,0.62
Tennessee,2022-03-01,0.27
Tennessee,2022-04-01,0.16
Tennessee,2022-05-01,0.26
Tennessee,2022-06-01,0.39
Tennessee,2022-07-01,0.44
Tennessee,2022-08-01,0.97
Tennessee,2022-09-01,0.96
Tennessee,2022-10-01,0.98
Tennessee,2022-11-01,0.02
Tennessee,2022-12-01,0.68
Tennessee,2023-01-01,0.4
Tennessee,2023-02-01,0.63
Tennessee,2023-03-01,0.63
Tennessee,2023-04-01,0.24
Tennessee,2023-05-01,0.25
Tennessee,2023-06-01,0.13
Tennessee,2023-07-01,0.47
Tennessee,2023-08-01,0.92
Tennessee,2023-09-01,0.71
Tennessee,2023-10-01,0.91
Tennessee,2023-11-01,0.58
Tennessee,2023-12-01,0.72
Tennessee,2024-01-01,0.22
Tennessee,2024-02-01,0.63
Tennessee,2024-03-01,0.48
Tennessee,2024-04-01,0.66
Tennessee,2024-05-01,0.1
Tennessee,2024-06-01,0.33
Tennessee,2024-07-01,0.49
Tennessee,2024-08-01,0.61
Tennessee,2024-09-01,0.51
Tennessee,2024-10-01,0.94
Tennessee,2024-11-01,0.73
Tennessee,2024-12-01,0.99
Texas,2020-01-01,0.76
Texas,2020-02-01,0.81
Texas,2020-03-01,0.91
Texas,2020-04-01,0.99
Texas,2020-05-01,0.49
Texas,2020-06-01,0.65
Texas,2020-07-01,0.97
Texas,2020-08-01,0.99
Texas,2020-09-01,0.67
Texas,2020-10-01,0.6
Texas,2020-11-01,0.25
Texas,2020-12-01,0.11
Texas,2021-01-01,0.95
Texas,2021-02-01,0.86
Texas,2021-03-01,0.81
Texas,2021-04-01,0.23
Texas,2021-05-01,0.02
Texas,2021-06-01,0.63
Texas,2021-07-01,0.3
Texas,2021-08-01,0.64
Texas,2021-09-01,0.59
Texas,2021-10-01,0.65
Texas,2021-11-01,0.22
Texas,2021-12-01,0.32
Texas,2022-01-01,0.01
Texas,2022-02-01,0.55
Texas,2022-03-01,0.49
Texas,2022-04-01,0.87
Texas,2022-05-01,0.82
Texas,2022-06-01,0.6
Texas,2022-07-01,0.65
Texas,2022-08-01,0.92
Texas,2022-09-01,0.59
Texas,2022-10-01,0.35
Texas,2022-11-01,0.31
Texas,2022-12-01,0.62
Texas,2023-01-01,0.89
Texas,2023-02-01,0.62
Texas,2023-03-01,0.82
Texas,2023-04-01,0.17
Texas,2023-05-01,0.35
Texas,2023-06-01,0.43
Texas,2023-07-01,0.44
Texas,2023-08-01,0.47
Texas,2023-09-01,0.11
Texas,2023-10-01,0.22
Texas,2023-11-01,0.49
Texas,2023-12-01,0.99
Texas,2024-01-01,0.11
Texas,2024-02-01,0.31
Texas,2024-03-01,0.06
Texas,2024-04-01,0.12
Texas,2024-05-01,0.4
Texas,2024-06-01,0.88
Texas,2024-07-01,0.9
Texas,2024-08-01,0.08
Texas,2024-09-01,0.4
Texas,2024-10-01,0.8
Texas,2024-11-01,0.94
Texas,2024-12-01,0.53
Utah,2020-01-01,0.61
Utah,2020-02-01,0.19
Utah,2020-03-01,0.33
Utah,2020-04-01,0.48
Utah,2020-05-01,0.59
Utah,2020-06-01,0.71
Utah,2020-07-01,0.01
Utah,2020-08-01,0.18
Utah,2020-09-01,0.23
Utah,2020-10-01,0.12
Utah,2020-11-01,0.13
Utah,2020-12-01,0.8
Utah,2021-01-01,0.58
Utah,2021-02-01,0.59
Utah,2021-03-01,0.37
Utah,2021-04-01,0.54
Utah,2021-05-01,0.81
Utah,2021-06-01,0.46
Utah,2021-07-01,0.64
Utah,2021-08-01,0.89
Utah,2021-09-01,0.49
Utah,2021-10-01,0.24
Utah,2021-11-01,0.81
Utah,2021-12-01,0.07
Utah,2022-01-01,0.88
Utah,2022-02-01,0.49
Utah,2022-03-01,0.5
Utah,2022-04-01,0.95
Utah,2022-05-01,0.37
Utah,2022-06-01,0.14
Utah,2022-07-01,0.48
Utah,2022-08-01,0.08
Utah,2022-09-01,0.92
Utah,2022-10-01,0.51
Utah,2022-11-01,0.82
Utah,2022-12-01,0.1
Utah,2023-01-01,0.19
Utah,2023-02-01,0.75
Utah,2023-03-01,0.26
Utah,2023-04-01,0.88
Utah,2023-05-01,0.39
Utah,2023-06-01,0.94
Utah,2023-07-01,0.98
Utah,2023-08-01,0.76
Utah,2023-09-01,0.03
Utah,2023-10-01,0.43
Utah,2023-11-01,0.88
Utah,2023-12-01,0.85
Utah,2024-01-01,0.27
Utah,2024-02-01,0.14
Utah,2024-03-01,0.67
Utah,2024-04-01,0.53
Utah,2024-05-01,0.99
Utah,2024-06-01,0.85
Utah,2024-07-01,0.98
Utah,2024-08-01,0.7
Utah,2024-09-01,0.09
Utah,2024-10-01,0.74
Utah,2024-11-01,0.81
Utah,2024-12-01,0.59
Vermont,2020-01-01,0.3
Vermont,2020-02-01,0.47
Vermont,2020-03-01,0.51
Vermont,2020-04-01,0.45
Vermont,2020-05-01,0.7
Vermont,2020-06-01,0.36
Vermont,2020-07-01,0.98
Vermont,2020-08-01,0.12
Vermont,2020-09-01,0.42
Vermont,2020-10-01,0.96
Vermont,2020-11-01,0.82
Vermont,2020-12-01,0.66
Vermont,2021-01-01,0.28
Vermont,2021-02-01,0.9
Vermont,2021-03-01,0.11
Vermont,2021-04-01,0.58
Vermont,2021-05-01,0.63
Vermont,2021-06-01,0.54
Vermont,2021-07-01,0.92
Vermont,2021-08-01,0.44
Vermont,2021-09-01,0.1
Vermont,2021-10-01,0.11
Vermont,2021-11-01,0.42
Vermont,2021-12-01,0.54
Vermont,2022-01-01,0.47
Vermont,2022-02-01,0.5
Vermont,2022-03-01,0.41
Vermont,2022-04-01,0.76
Vermont,2022-05-01,0.76
Vermont,2022-06-01,0.16
Vermont,2022-07-01,0.67
Vermont,2022-08-01,0.62
Vermont,2022-09-01,0.63
Vermont,2022-10-01,0.03
Vermont,2022-11-01,0.29
Vermont,2022-12-01,0.26
Vermont,2023-01-01,0.02
Vermont,2023-02-01,0.61
Vermont,2023-03-01,0.85
Vermont,2023-04-01,0.1
Vermont,2023-05-01,0.94
Vermont,2023-06-01,0.7
Vermont,2023-07-01,0.09
Vermont,2023-08-01,0.93
Vermont,2023-09-01,0.25
Vermont,2023-10-01,0.09
Vermont,2023-11-01,0.73
Vermont,2023-12-01,0.3
Vermont,2024-01-01,0.06
Vermont,2024-02-01,0.09
Vermont,2024-03-01,0.28
Vermont,2024-04-01,0.29
Vermont,2024-05-01,0.12
Vermont,2024-06-01,0.3
Vermont,2024-07-01,0.79
Vermont,2024-08-01,0.13
Vermont,2024-09-01,0.01
Vermont,2024-10-01,0.27
Vermont,2024-11-01,0.77
Vermont,2024-12-01,0.58
Virginia,2020-01-01,0.99
Virginia,2020-02-01,0.05
Virginia,2020-03-01,0.03
Virginia,2020-04-01,0.37
Virginia,2020-05-01,0.23
Virginia,2020-06-01,0.14
Virginia,2020-07-01,0.12
Virginia,2020-08-01,0.26
Virginia,2020-09-01,0.4
Virginia,2020-10-01,0.88
Virginia,2020-11-01,0.55
Virginia,2020-12-01,0.22
Virginia,2021-01-01,0.94
Virginia,2021-02-01,0.51
Virginia,2021-03-01,0.4
Virginia,2021-04-01,0.29
Virginia,2021-05-01,0.92
Virginia,2021-06-01,0.52
Virginia,2021-07-01,0.19
Virginia,2021-08-01,0.05
Virginia,2021-09-01,0.54
Virginia,2021-10-01,0.59
Virginia,2021-11-01,0.07
Virginia,2021-12-01,0.78
Virginia,2022-01-01,0.81
Virginia,2022-02-01,0.0
Virginia,2022-03-01,0.84
Virginia,2022-04-01,0.01
Virginia,2022-05-01,0.62
Virginia,2022-06-01,0.13
Virginia,2022-07-01,0.62
Virginia,2022-08-01,0.89
Virginia,2022-09-01,0.75
Virginia,2022-10-01,0.96
Virginia,2022-11-01,0.34
Virginia,2022-12-01,0.02
Virginia,2023-01-01,0.12
Virginia,2023-02-01,0.56
Virginia,2023-03-01,0.57
Virginia,2023-04-01,0.94
Virginia,2023-05-01,0.15
Virginia,2023-06-01,0.34
Virginia,2023-07-01,0.81
Virginia,2023-08-01,0.69
Virginia,2023-09-01,0.13
Virginia,2023-10-01,0.49
Virginia,2023-11-01,0.84
Virginia,2023-12-01,0.15
Virginia,2024-01-01,0.24
Virginia,2024-02-01,0.11
Virginia,2024-03-01,0.02
Virginia,2024-04-01,0.48
Virginia,2024-05-01,0.84
Virginia,2024-06-01,0.88
Virginia,2024-07-01,0.58
Virginia,2024-08-01,0.39
Virginia,2024-09-01,0.52
Virginia,2024-10-01,0.81
Virginia,2024-11-01,0.24
Virginia,2024-12-01,0.74
Washington,2020-01-01,0.02
Washington,2020-02-01,0.18
Washington,2020-03-01,0.87
Washington,2020-04-01,0.0
Washington,2020-05-01,0.86
Washington,2020-06-01,0.56
Washington,2020-07-01,0.49
Washington,2020-08-01,0.76
Washington,2020-09-01,0.4
Washington,2020-10-01,0.82
Washington,2020-11-01,0.83
Washington,2020-12-01,0.88
Washington,2021-01-01,0.26
Washington,2021-02-01,0.38
Washington,2021-03-01,0.74
Washington,2021-04-01,0.1
Washington,2021-05-01,0.55
Washington,2021-06-01,0.94
Washington,2021-07-01,0.18
Washington,2021-08-01,0.39
Washington,2021-09-01,0.1
Washington,2021-10-01,0.65
Washington,2021-11-01,0.46
Washington,2021-12-01,0.82
Washington,2022-01-01,0.43
Washington,2022-02-01,0.12
Washington,2022-03-01,0.49
Washington,2022-04-01,0.26
Washington,2022-05-01,0.69
Washington,2022-06-01,0.6
Washington,2022-07-01,0.62
Washington,2022-08-01,0.57
Washington,2022-09-01,1.0
Washington,2022-10-01,0.61
Washington,2022-11-01,0.9
Washington,2022-12-01,0.13
Washington,2023-01-01,0.49
Washington,2023-02-01,0.07
Washington,2023-03-01,0.81
Washington,2023-04-01,0.14
Washington,2023-05-01,0.32
Washington,2023-06-01,0.88
Washington,2023-07-01,0.58
Washington,2023-08-01,0.69
Washington,2023-09-01,0.34
Washington,2023-10-01,0.56
Washington,2023-11-01,0.31
Washington,2023-12-01,0.53
Washington,2024-01-01,0.21
Washington,2024-02-01,0.89
Washington,2024-03-01,0.66
Washington,2024-04-01,0.85
Washington,2024-05-01,0.05
Washington,2024-06-01,0.68
Washington,2024-07-01,0.98
Washington,2024-08-01,0.25
Washington,2024-09-01,0.63
Washington,2024-10-01,0.5
Washington,2024-11-01,0.26
Washington,2024-12-01,0.78
West Virginia,2020-01-01,0.68
West Virginia,2020-02-01,0.32
West Virginia,2020-03-01,0.75
West Virginia,2020-04-01,0.19
West Virginia,2020-05-01,0.91
West Virginia,2020-06-01,0.52
West Virginia,2020-07-01,0.44
West Virginia,2020-08-01,0.42
West Virginia,2020-09-01,0.99
West Virginia,2020-10-01,0.69
West Virginia,2020-11-01,0.09
West Virginia,2020-12-01,0.87
West Virginia,2021-01-01,0.63
West Virginia,2021-02-01,0.85
West Virginia,2021-03-01,0.72
West Virginia,2021-04-01,0.13
West Virginia,2021-05-01,0.65
West Virginia,2021-06-01,0.77
West Virginia,2021-07-01,0.69
West Virginia,2021-08-01,0.08
West Virginia,2021-09-01,0.78
West Virginia,2021-10-01,0.75
West Virginia,2021-11-01,0.17
West Virginia,2021-12-01,0.04
West Virginia,2022-01-01,0.42
West Virginia,2022-02-01,0.45
West Virginia,2022-03-01,0.94
West Virginia,2022-04-01,0.49
West Virginia,2022-05-01,0.6
West Virginia,2022-06-01,0.29
West Virginia,2022-07-01,0.58
West Virginia,2022-08-01,0.68
West Virginia,2022-09-01,0.34
West Virginia,2022-10-01,0.62
West Virginia,2022-11-01,0.84
West Virginia,2022-12-01,0.09
West Virginia,2023-01-01,0.36
West Virginia,2023-02-01,0.45
West Virginia,2023-03-01,0.8
West Virginia,2023-04-01,0.73
West Virginia,2023-05-01,0.31
West Virginia,2023-06-01,0.43
West Virginia,2023-07-01,0.68
West Virginia,2023-08-01,0.46
West Virginia,2023-09-01,0.84
West Virginia,2023-10-01,0.27
West Virginia,2023-11-01,0.03
West Virginia,2023-12-01,0.83
West Virginia,2024-01-01,0.84
West Virginia,2024-02-01,0.68
West Virginia,2024-03-01,0.93
West Virginia,2024-04-01,0.84
West Virginia,2024-05-01,0.28
West Virginia,2024-06-01,0.03
West Virginia,2024-07-01,0.58
West Virginia,2024-08-01,0.71
West Virginia,2024-09-01,0.56
West Virginia,2024-10-01,0.83
West Virginia,2024-11-01,0.57
West Virginia,2024-12-01,0.63
Wisconsin,2020-01-01,0.64
Wisconsin,2020-02-01,0.53
Wisconsin,2020-03-01,0.3
Wisconsin,2020-04-01,0.28
Wisconsin,2020-05-01,0.65
Wisconsin,2020-06-01,0.32
Wisconsin,2020-07-01,0.39
Wisconsin,2020-08-01,0.35
Wisconsin,2020-09-01,0.44
Wisconsin,2020-10-01,0.14
Wisconsin,2020-11-01,0.53
Wisconsin,2020-12-01,0.99
Wisconsin,2021-01-01,0.98
Wisconsin,2021-02-01,0.64
Wisconsin,2021-03-01,0.39
Wisconsin,2021-04-01,0.99
Wisconsin,2021-05-01,0.68
Wisconsin,2021-06-01,0.72
Wisconsin,2021-07-01,0.33
Wisconsin,2021-08-01,0.88
Wisconsin,2021-09-01,0.26
Wisconsin,2021-10-01,0.03
Wisconsin,2021-11-01,0.64
Wisconsin,2021-12-01,0.95
Wisconsin,2022-01-01,0.67
Wisconsin,2022-02-01,0.93
Wisconsin,2022-03-01,0.09
Wisconsin,2022-04-01,0.98
Wisconsin,2022-05-01,0.23
Wisconsin,2022-06-01,0.37
Wisconsin,2022-07-01,0.0
Wisconsin,2022-08-01,0.44
Wisconsin,2022-09-01,0.04
Wisconsin,2022-10-01,0.3
Wisconsin,2022-11-01,0.29
Wisconsin,2022-12-01,0.78
Wisconsin,2023-01-01,0.7
Wisconsin,2023-02-01,0.92
Wisconsin,2023-03-01,0.88
Wisconsin,2023-04-01,0.69
Wisconsin,2023-05-01,0.26
Wisconsin,2023-06-01,0.48
Wisconsin,2023-07-01,0.24
Wisconsin,2023-08-01,0.54
Wisconsin,2023-09-01,0.62
Wisconsin,2023-10-01,0.96
Wisconsin,2023-11-01,0.91
Wisconsin,2023-12-01,0.53
Wisconsin,2024-01-01,0.29
Wisconsin,2024-02-01,0.88
Wisconsin,2024-03-01,0.83
Wisconsin,2024-04-01,0.97
Wisconsin,2024-05-01,0.73
Wisconsin,2024-06-01,0.2
Wisconsin,2024-07-01,0.54
Wisconsin,2024-08-01,0.54
Wisconsin,2024-09-01,0.15
Wisconsin,2024-10-01,0.88
Wisconsin,2024-11-01,0.23
Wisconsin,2024-12-01,0.37
Wyoming,2020-01-01,0.96
Wyoming,2020-02-01,0.09
Wyoming,2020-03-01,0.69
Wyoming,2020-04-01,0.94
Wyoming,2020-05-01,0.55
Wyoming,2020-06-01,0.56
Wyoming,2020-07-01,0.72
Wyoming,2020-08-01,0.39
Wyoming,2020-09-01,0.79
Wyoming,2020-10-01,0.05
Wyoming,2020-11-01,0.08
Wyoming,2020-12-01,0.24
Wyoming,2021-01-01,0.22
Wyoming,2021-02-01,0.9
Wyoming,2021-03-01,0.01
Wyoming,2021-04-01,0.38
Wyoming,2021-05-01,0.49
Wyoming,2021-06-01,0.19
Wyoming,2021-07-01,0.74
Wyoming,2021-08-01,0.99
Wyoming,2021-09-01,0.27
Wyoming,2021-10-01,0.25
Wyoming,2021-11-01,0.14
Wyoming,2021-12-01,0.23
Wyoming,2022-01-01,0.2
Wyoming,2022-02-01,0.65
Wyoming,2022-03-01,0.58
Wyoming,2022-04-01,0.63
Wyoming,2022-05-01,0.02
Wyoming,2022-06-01,0.63
Wyoming,2022-07-01,0.53
Wyoming,2022-08-01,0.78
Wyoming,2022-09-01,0.2
Wyoming,2022-10-01,0.67
Wyoming,2022-11-01,0.37
Wyoming,2022-12-01,0.43
Wyoming,2023-01-01,0.77
Wyoming,2023-02-01,0.4
Wyoming,2023-03-01,0.87
Wyoming,2023-04-01,0.67
Wyoming,2023-05-01,0.42
Wyoming,2023-06-01,0.09
Wyoming,2023-07-01,0.25
Wyoming,2023-08-01,0.32
Wyoming,2023-09-01,0.42
Wyoming,2023-10-01,0.34
Wyoming,2023-11-01,0.03
Wyoming,2023-12-01,0.05
Wyoming,2024-01-01,0.18
Wyoming,2024-02-01,0.39
Wyoming,2024-03-01,0.09
Wyoming,2024-04-01,0.72
Wyoming,2024-05-01,0.84
Wyoming,2024-06-01,0.69
Wyoming,2024-07-01,0.13
Wyoming,2024-08-01,0.31
Wyoming,2024-09-01,0.57
Wyoming,2024-10-01,0.64
Wyoming,2024-11-01,0.29
Wyoming,2024-12-01,0.03
US,2020-01-01,0.4
US,2020-02-01,0.48
US,2020-03-01,0.39
US,2020-04-01,0.96
US,2020-05-01,0.94
US,2020-06-01,0.6
US,2020-07-01,0.92
US,2020-08-01,0.83
US,2020-09-01,0.2
US,2020-10-01,0.78
US,2020-11-01,0.28
US,2020-12-01,0.29
US,2021-01-01,0.22
US,2021-02-01,0.79
US,2021-03-01,0.73
US,2021-04-01,0.71
US,2021-05-01,0.19
US,2021-06-01,0.92
US,2021-07-01,0.83
US,2021-08-01,0.14
US,2021-09-01,0.3
US,2021-10-01,0.4
US,2021-11-01,0.48
US,2021-12-01,0.43
US,2022-01-01,0.13
US,2022-02-01,0.85
US,2022-03-01,0.73
US,2022-04-01,0.83
US,2022-05-01,0.38
US,2022-06-01,0.05
US,2022-07-01,0.38
US,2022-08-01,0.55
US,2022-09-01,0.46
US,2022-10-01,0.32
US,2022-11-01,0.52
US,2022-12-01,0.4
US,2023-01-01,0.45
US,2023-02-01,0.1
US,2023-03-01,0.52
US,2023-04-01,0.28
US,2023-05-01,1.0
US,2023-06-01,0.7
US,2023-07-01,0.8
US,2023-08-01,0.89
US,2023-09-01,0.09
US,2023-10-01,0.17
US,2023-11-01,0.99
US,2023-12-01,0.37
US,2024-01-01,0.36
US,2024-02-01,0.92
US,2024-03-01,0.62
US,2024-04-01,0.5
US,2024-05-01,0.3
US,2024-06-01,0.86
US,2024-07-01,0.92
US,2024-08-01,0.9
US,2024-09-01,0.74
US,2024-10-01,0.67
US,2024-11-01,0.05
US,2024-12-01,0.58
